x,y,z,p0,p1
3.140157e-03,5.991777e-02,0.000000e+00,1.000000e+00,9.986295e-01
1.836970e-18,6.000000e-02,0.000000e+00,1.000000e+00,1.000000e+00
3.140157e-03,5.991777e-02,5.555556e-03,1.000000e+00,9.986295e-01
3.140157e-03,5.991777e-02,2.777778e-03,1.000000e+00,9.986295e-01
1.570617e-03,5.997944e-02,2.777778e-03,1.000000e+00,9.996573e-01
1.570617e-03,5.997944e-02,0.000000e+00,1.000000e+00,9.996573e-01
3.140157e-03,5.991777e-02,2.000000e-01,1.000000e+00,9.986295e-01
3.140157e-03,5.991777e-02,1.944444e-01,1.000000e+00,9.986295e-01
1.836970e-18,6.000000e-02,2.000000e-01,1.000000e+00,1.000000e+00
3.140157e-03,5.991777e-02,1.972222e-01,1.000000e+00,9.986295e-01
1.570617e-03,5.997944e-02,2.000000e-01,1.000000e+00,9.996573e-01
1.570617e-03,5.997944e-02,1.972222e-01,1.000000e+00,9.996573e-01
3.140157e-03,5.991777e-02,2.222222e-02,1.000000e+00,9.986295e-01
-3.140157e-03,5.991777e-02,2.222222e-02,1.000000e+00,9.986295e-01
3.140157e-03,5.991777e-02,1.111111e-02,1.000000e+00,9.986295e-01
0.000000e+00,6.000000e-02,2.222222e-02,1.000000e+00,1.000000e+00
-2.384976e-10,6.000000e-02,1.666667e-02,1.000000e+00,1.000000e+00
3.140157e-03,5.991777e-02,1.666667e-02,1.000000e+00,9.986295e-01
3.140157e-03,5.991777e-02,3.333333e-02,1.000000e+00,9.986295e-01
3.140157e-03,5.991777e-02,2.777778e-02,1.000000e+00,9.986295e-01
-2.384976e-10,6.000000e-02,2.777778e-02,1.000000e+00,1.000000e+00
3.140157e-03,5.991777e-02,4.444444e-02,1.000000e+00,9.986295e-01
3.140157e-03,5.991777e-02,5.555556e-02,1.000000e+00,9.986295e-01
-3.140157e-03,5.991777e-02,4.444444e-02,1.000000e+00,9.986295e-01
3.140157e-03,5.991777e-02,5.000000e-02,1.000000e+00,9.986295e-01
-2.384976e-10,6.000000e-02,5.000000e-02,1.000000e+00,1.000000e+00
0.000000e+00,6.000000e-02,4.444444e-02,1.000000e+00,1.000000e+00
-3.140157e-03,5.991777e-02,3.333333e-02,1.000000e+00,9.986295e-01
-3.140157e-03,5.991777e-02,3.888889e-02,1.000000e+00,9.986295e-01
0.000000e+00,6.000000e-02,3.888889e-02,1.000000e+00,1.000000e+00
0.000000e+00,6.000000e-02,3.333333e-02,1.000000e+00,1.000000e+00
3.140157e-03,5.991777e-02,3.888889e-02,1.000000e+00,9.986295e-01
3.140157e-03,5.991777e-02,6.666667e-02,1.000000e+00,9.986295e-01
-3.140157e-03,5.991777e-02,6.666667e-02,1.000000e+00,9.986295e-01
0.000000e+00,6.000000e-02,6.666667e-02,1.000000e+00,1.000000e+00
-2.384976e-10,6.000000e-02,6.111111e-02,1.000000e+00,1.000000e+00
3.140157e-03,5.991777e-02,6.111111e-02,1.000000e+00,9.986295e-01
3.140157e-03,5.991777e-02,7.777778e-02,1.000000e+00,9.986295e-01
3.140157e-03,5.991777e-02,7.222222e-02,1.000000e+00,9.986295e-01
-2.384976e-10,6.000000e-02,7.222222e-02,1.000000e+00,1.000000e+00
3.140157e-03,5.991777e-02,8.888889e-02,1.000000e+00,9.986295e-01
-3.140157e-03,5.991777e-02,8.888889e-02,1.000000e+00,9.986295e-01
0.000000e+00,6.000000e-02,8.888889e-02,1.000000e+00,1.000000e+00
-2.384976e-10,6.000000e-02,8.333333e-02,1.000000e+00,1.000000e+00
3.140157e-03,5.991777e-02,8.333333e-02,1.000000e+00,9.986295e-01
3.140157e-03,5.991777e-02,1.000000e-01,1.000000e+00,9.986295e-01
3.140157e-03,5.991777e-02,9.444444e-02,1.000000e+00,9.986295e-01
-2.384976e-10,6.000000e-02,9.444444e-02,1.000000e+00,1.000000e+00
3.140157e-03,5.991777e-02,1.111111e-01,1.000000e+00,9.986295e-01
-3.140157e-03,5.991777e-02,1.111111e-01,1.000000e+00,9.986295e-01
0.000000e+00,6.000000e-02,1.111111e-01,1.000000e+00,1.000000e+00
-2.384976e-10,6.000000e-02,1.055556e-01,1.000000e+00,1.000000e+00
3.140157e-03,5.991777e-02,1.055556e-01,1.000000e+00,9.986295e-01
3.140157e-03,5.991777e-02,1.222222e-01,1.000000e+00,9.986295e-01
3.140157e-03,5.991777e-02,1.166667e-01,1.000000e+00,9.986295e-01
-2.384976e-10,6.000000e-02,1.166667e-01,1.000000e+00,1.000000e+00
3.140157e-03,5.991777e-02,1.333333e-01,1.000000e+00,9.986295e-01
-3.140157e-03,5.991777e-02,1.333333e-01,1.000000e+00,9.986295e-01
3.140157e-03,5.991777e-02,1.277778e-01,1.000000e+00,9.986295e-01
0.000000e+00,6.000000e-02,1.333333e-01,1.000000e+00,1.000000e+00
-2.384976e-10,6.000000e-02,1.277778e-01,1.000000e+00,1.000000e+00
3.140157e-03,5.991777e-02,1.444444e-01,1.000000e+00,9.986295e-01
3.140157e-03,5.991777e-02,1.388889e-01,1.000000e+00,9.986295e-01
-2.384976e-10,6.000000e-02,1.388889e-01,1.000000e+00,1.000000e+00
3.140157e-03,5.991777e-02,1.555556e-01,1.000000e+00,9.986295e-01
-3.140157e-03,5.991777e-02,1.555556e-01,1.000000e+00,9.986295e-01
3.140157e-03,5.991777e-02,1.500000e-01,1.000000e+00,9.986295e-01
0.000000e+00,6.000000e-02,1.555556e-01,1.000000e+00,1.000000e+00
-2.384976e-10,6.000000e-02,1.500000e-01,1.000000e+00,1.000000e+00
3.140157e-03,5.991777e-02,1.666667e-01,1.000000e+00,9.986295e-01
3.140157e-03,5.991777e-02,1.611111e-01,1.000000e+00,9.986295e-01
-2.384976e-10,6.000000e-02,1.611111e-01,1.000000e+00,1.000000e+00
3.140157e-03,5.991777e-02,1.777778e-01,1.000000e+00,9.986295e-01
-3.140157e-03,5.991777e-02,1.777778e-01,1.000000e+00,9.986295e-01
0.000000e+00,6.000000e-02,1.777778e-01,1.000000e+00,1.000000e+00
-2.384976e-10,6.000000e-02,1.722222e-01,1.000000e+00,1.000000e+00
3.140157e-03,5.991777e-02,1.722222e-01,1.000000e+00,9.986295e-01
-3.140157e-03,5.991777e-02,1.888889e-01,1.000000e+00,9.986295e-01
0.000000e+00,6.000000e-02,1.833333e-01,1.000000e+00,1.000000e+00
-3.140157e-03,5.991777e-02,1.833333e-01,1.000000e+00,9.986295e-01
3.140157e-03,5.991777e-02,1.888889e-01,1.000000e+00,9.986295e-01
3.140157e-03,5.991777e-02,1.833333e-01,1.000000e+00,9.986295e-01
0.000000e+00,6.000000e-02,1.888889e-01,1.000000e+00,1.000000e+00
-3.140157e-03,5.991777e-02,2.000000e-01,1.000000e+00,9.986295e-01
-3.140157e-03,5.991777e-02,1.944444e-01,1.000000e+00,9.986295e-01
-3.140157e-03,5.991777e-02,1.972222e-01,1.000000e+00,9.986295e-01
-1.570617e-03,5.997944e-02,1.972222e-01,1.000000e+00,9.996573e-01
-1.570617e-03,5.997944e-02,2.000000e-01,1.000000e+00,9.996573e-01
0.000000e+00,6.000000e-02,1.944444e-01,1.000000e+00,1.000000e+00
-3.140157e-03,5.991777e-02,0.000000e+00,1.000000e+00,9.986295e-01
-3.140157e-03,5.991777e-02,5.555556e-03,1.000000e+00,9.986295e-01
-1.570617e-03,5.997944e-02,0.000000e+00,1.000000e+00,9.996573e-01
-1.570617e-03,5.997944e-02,2.777778e-03,1.000000e+00,9.996573e-01
-3.140157e-03,5.991777e-02,2.777778e-03,1.000000e+00,9.986295e-01
-3.140157e-03,5.991777e-02,1.111111e-02,1.000000e+00,9.986295e-01
-3.140157e-03,5.991777e-02,1.666667e-02,1.000000e+00,9.986295e-01
0.000000e+00,6.000000e-02,1.111111e-02,1.000000e+00,1.000000e+00
-3.140157e-03,5.991777e-02,2.777778e-02,1.000000e+00,9.986295e-01
-3.140157e-03,5.991777e-02,5.555556e-02,1.000000e+00,9.986295e-01
-3.140157e-03,5.991777e-02,5.000000e-02,1.000000e+00,9.986295e-01
0.000000e+00,6.000000e-02,5.555556e-02,1.000000e+00,1.000000e+00
-3.140157e-03,5.991777e-02,6.111111e-02,1.000000e+00,9.986295e-01
-3.140157e-03,5.991777e-02,7.777778e-02,1.000000e+00,9.986295e-01
-3.140157e-03,5.991777e-02,7.222222e-02,1.000000e+00,9.986295e-01
0.000000e+00,6.000000e-02,7.777778e-02,1.000000e+00,1.000000e+00
-3.140157e-03,5.991777e-02,8.333333e-02,1.000000e+00,9.986295e-01
-3.140157e-03,5.991777e-02,1.000000e-01,1.000000e+00,9.986295e-01
0.000000e+00,6.000000e-02,1.000000e-01,1.000000e+00,1.000000e+00
-3.140157e-03,5.991777e-02,9.444444e-02,1.000000e+00,9.986295e-01
-3.140157e-03,5.991777e-02,1.055556e-01,1.000000e+00,9.986295e-01
-3.140157e-03,5.991777e-02,1.222222e-01,1.000000e+00,9.986295e-01
0.000000e+00,6.000000e-02,1.222222e-01,1.000000e+00,1.000000e+00
-3.140157e-03,5.991777e-02,1.166667e-01,1.000000e+00,9.986295e-01
-3.140157e-03,5.991777e-02,1.277778e-01,1.000000e+00,9.986295e-01
-3.140157e-03,5.991777e-02,1.444444e-01,1.000000e+00,9.986295e-01
0.000000e+00,6.000000e-02,1.444444e-01,1.000000e+00,1.000000e+00
-3.140157e-03,5.991777e-02,1.388889e-01,1.000000e+00,9.986295e-01
-3.140157e-03,5.991777e-02,1.500000e-01,1.000000e+00,9.986295e-01
-3.140157e-03,5.991777e-02,1.666667e-01,1.000000e+00,9.986295e-01
0.000000e+00,6.000000e-02,1.666667e-01,1.000000e+00,1.000000e+00
-3.140157e-03,5.991777e-02,1.611111e-01,1.000000e+00,9.986295e-01
-3.140157e-03,5.991777e-02,1.722222e-01,1.000000e+00,9.986295e-01
0.000000e+00,6.000000e-02,5.555556e-03,1.000000e+00,1.000000e+00
-9.386068e-03,5.926130e-02,1.463573e-18,1.000000e+00,9.876883e-01
-1.247470e-02,5.868886e-02,1.530536e-18,1.000000e+00,9.781476e-01
-9.386068e-03,5.926130e-02,5.555556e-03,1.000000e+00,9.876883e-01
-1.093413e-02,5.899529e-02,1.497568e-18,1.000000e+00,9.832549e-01
-9.386068e-03,5.926130e-02,2.777778e-03,1.000000e+00,9.876883e-01
-1.093413e-02,5.899529e-02,2.777778e-03,1.000000e+00,9.832549e-01
-1.552914e-02,5.795555e-02,1.593304e-18,1.000000e+00,9.659258e-01
-1.552914e-02,5.795555e-02,5.555556e-03,1.000000e+00,9.659258e-01
-1.400672e-02,5.834220e-02,1.562456e-18,1.000000e+00,9.723699e-01
-1.400672e-02,5.834220e-02,2.777778e-03,1.000000e+00,9.723699e-01
-1.552914e-02,5.795555e-02,2.777778e-03,1.000000e+00,9.659258e-01
-1.247470e-02,5.868886e-02,5.555556e-03,1.000000e+00,9.781476e-01
-2.150208e-02,5.601483e-02,3.169152e-18,1.000000e+00,9.335804e-01
-2.440420e-02,5.481273e-02,3.285313e-18,1.000000e+00,9.135455e-01
-2.150208e-02,5.601483e-02,5.555556e-03,1.000000e+00,9.335804e-01
-2.150208e-02,5.601483e-02,2.777778e-03,1.000000e+00,9.335804e-01
-2.296101e-02,5.543277e-02,2.777778e-03,1.000000e+00,9.238795e-01
-2.296101e-02,5.543277e-02,3.228339e-18,1.000000e+00,9.238795e-01
-2.723943e-02,5.346039e-02,5.555556e-03,1.000000e+00,8.910065e-01
-2.723943e-02,5.346039e-02,3.392470e-18,1.000000e+00,8.910065e-01
-2.583067e-02,5.415512e-02,2.777778e-03,1.000000e+00,9.025853e-01
-2.723943e-02,5.346039e-02,2.777778e-03,1.000000e+00,8.910065e-01
-2.583067e-02,5.415512e-02,3.340036e-18,1.000000e+00,9.025853e-01
-2.440420e-02,5.481273e-02,5.555556e-03,1.000000e+00,9.135455e-01
-3.267834e-02,5.032023e-02,5.042193e-18,1.000000e+00,8.386706e-01
-3.526712e-02,4.854102e-02,5.187639e-18,1.000000e+00,8.090170e-01
-3.267834e-02,5.032023e-02,5.555556e-03,1.000000e+00,8.386706e-01
-3.398437e-02,4.944757e-02,5.116669e-18,1.000000e+00,8.241262e-01
-3.267834e-02,5.032023e-02,2.777778e-03,1.000000e+00,8.386706e-01
-3.398437e-02,4.944757e-02,2.777778e-03,1.000000e+00,8.241262e-01
-3.775922e-02,4.662876e-02,5.318865e-18,1.000000e+00,7.771460e-01
-3.775922e-02,4.662876e-02,5.555556e-03,1.000000e+00,7.771460e-01
-3.652569e-02,4.760120e-02,5.255053e-18,1.000000e+00,7.933533e-01
-3.652569e-02,4.760120e-02,2.777778e-03,1.000000e+00,7.933533e-01
-3.775922e-02,4.662876e-02,2.777778e-03,1.000000e+00,7.771460e-01
-3.526712e-02,4.854102e-02,5.555556e-03,1.000000e+00,8.090170e-01
-4.242641e-02,4.242641e-02,7.000837e-18,1.000000e+00,7.071068e-01
-4.458869e-02,4.014784e-02,7.154372e-18,1.000000e+00,6.691306e-01
-4.242641e-02,4.242641e-02,5.555556e-03,1.000000e+00,7.071068e-01
-4.352246e-02,4.130127e-02,7.080030e-18,1.000000e+00,6.883546e-01
-4.242641e-02,4.242641e-02,2.777778e-03,1.000000e+00,7.071068e-01
-4.352246e-02,4.130127e-02,2.777778e-03,1.000000e+00,6.883546e-01
-4.662876e-02,3.775922e-02,5.555556e-03,1.000000e+00,6.293204e-01
-4.662876e-02,3.775922e-02,7.288298e-18,1.000000e+00,6.293204e-01
-4.562436e-02,3.896688e-02,2.777778e-03,1.000000e+00,6.494480e-01
-4.662876e-02,3.775922e-02,2.777778e-03,1.000000e+00,6.293204e-01
-4.562436e-02,3.896688e-02,7.223810e-18,1.000000e+00,6.494480e-01
-4.458869e-02,4.014784e-02,5.555556e-03,1.000000e+00,6.691306e-01
-5.032023e-02,3.267834e-02,8.959480e-18,1.000000e+00,5.446390e-01
-5.196152e-02,3.000000e-02,9.099557e-18,1.000000e+00,5.000000e-01
-5.032023e-02,3.267834e-02,5.555556e-03,1.000000e+00,5.446390e-01
-5.032023e-02,3.267834e-02,2.777778e-03,1.000000e+00,5.446390e-01
-5.115841e-02,3.134991e-02,2.777778e-03,1.000000e+00,5.224986e-01
-5.115841e-02,3.134991e-02,9.032614e-18,1.000000e+00,5.224986e-01
-5.346039e-02,2.723943e-02,9.214693e-18,1.000000e+00,4.539905e-01
-5.346039e-02,2.723943e-02,5.555556e-03,1.000000e+00,4.539905e-01
-5.272903e-02,2.862953e-02,9.160264e-18,1.000000e+00,4.771588e-01
-5.272903e-02,2.862953e-02,2.777778e-03,1.000000e+00,4.771588e-01
-5.346039e-02,2.723943e-02,2.777778e-03,1.000000e+00,4.539905e-01
-5.196152e-02,3.000000e-02,5.555556e-03,1.000000e+00,5.000000e-01
-5.601483e-02,2.150208e-02,1.083252e-17,1.000000e+00,3.583679e-01
-5.601483e-02,2.150208e-02,5.555556e-03,1.000000e+00,3.583679e-01
-5.706339e-02,1.854102e-02,1.093818e-17,1.000000e+00,3.090170e-01
-5.601483e-02,2.150208e-02,2.777778e-03,1.000000e+00,3.583679e-01
-5.655849e-02,2.002841e-02,2.777778e-03,1.000000e+00,3.338069e-01
-5.655849e-02,2.002841e-02,1.088908e-17,1.000000e+00,3.338069e-01
-5.795555e-02,1.552914e-02,5.555556e-03,1.000000e+00,2.588190e-01
-5.795555e-02,1.552914e-02,1.101386e-17,1.000000e+00,2.588190e-01
-5.752918e-02,1.704092e-02,2.777778e-03,1.000000e+00,2.840153e-01
-5.795555e-02,1.552914e-02,2.777778e-03,1.000000e+00,2.588190e-01
-5.752918e-02,1.704092e-02,1.097978e-17,1.000000e+00,2.840153e-01
-5.706339e-02,1.854102e-02,5.555556e-03,1.000000e+00,3.090170e-01
-5.926130e-02,9.386068e-03,1.253810e-17,1.000000e+00,1.564345e-01
-5.967131e-02,6.271708e-03,1.258989e-17,1.000000e+00,1.045285e-01
-5.926130e-02,9.386068e-03,5.555556e-03,1.000000e+00,1.564345e-01
-5.926130e-02,9.386068e-03,2.777778e-03,1.000000e+00,1.564345e-01
-5.948669e-02,7.831572e-03,2.777778e-03,1.000000e+00,1.305262e-01
-5.948669e-02,7.831572e-03,1.256830e-17,1.000000e+00,1.305262e-01
-5.991777e-02,3.140157e-03,5.555556e-03,1.000000e+00,5.233596e-02
-5.991777e-02,3.140157e-03,1.260716e-17,1.000000e+00,5.233596e-02
-5.981504e-02,4.707546e-03,2.777778e-03,1.000000e+00,7.845910e-02
-5.991777e-02,3.140157e-03,2.777778e-03,1.000000e+00,5.233596e-02
-5.981504e-02,4.707546e-03,1.260284e-17,1.000000e+00,7.845910e-02
-5.967131e-02,6.271708e-03,5.555556e-03,1.000000e+00,1.045285e-01
-5.991777e-02,-3.140157e-03,1.400167e-17,1.000000e+00,-5.233596e-02
-5.991777e-02,-3.140157e-03,5.555556e-03,1.000000e+00,-5.233596e-02
-5.967131e-02,-6.271708e-03,1.398248e-17,1.000000e+00,-1.045285e-01
-5.991777e-02,-3.140157e-03,2.777778e-03,1.000000e+00,-5.233596e-02
-5.981504e-02,-4.707546e-03,2.777778e-03,1.000000e+00,-7.845910e-02
-5.981504e-02,-4.707546e-03,1.399688e-17,1.000000e+00,-7.845910e-02
-5.926130e-02,-9.386068e-03,1.392497e-17,1.000000e+00,-1.564345e-01
-5.926130e-02,-9.386068e-03,5.555556e-03,1.000000e+00,-1.564345e-01
-5.948669e-02,-7.831572e-03,1.395851e-17,1.000000e+00,-1.305262e-01
-5.948669e-02,-7.831572e-03,2.777778e-03,1.000000e+00,-1.305262e-01
-5.926130e-02,-9.386068e-03,2.777778e-03,1.000000e+00,-1.564345e-01
-5.967131e-02,-6.271708e-03,5.555556e-03,1.000000e+00,-1.045285e-01
-5.795555e-02,-1.552914e-02,1.515928e-17,1.000000e+00,-2.588190e-01
-5.706339e-02,-1.854102e-02,1.505511e-17,1.000000e+00,-3.090170e-01
-5.795555e-02,-1.552914e-02,5.555556e-03,1.000000e+00,-2.588190e-01
-5.752918e-02,-1.704092e-02,1.511237e-17,1.000000e+00,-2.840153e-01
-5.795555e-02,-1.552914e-02,2.777778e-03,1.000000e+00,-2.588190e-01
-5.752918e-02,-1.704092e-02,2.777778e-03,1.000000e+00,-2.840153e-01
-5.601483e-02,-2.150208e-02,1.490969e-17,1.000000e+00,-3.583679e-01
-5.601483e-02,-2.150208e-02,5.555556e-03,1.000000e+00,-3.583679e-01
-5.655849e-02,-2.002841e-02,2.777778e-03,1.000000e+00,-3.338069e-01
-5.601483e-02,-2.150208e-02,2.777778e-03,1.000000e+00,-3.583679e-01
-5.655849e-02,-2.002841e-02,1.498754e-17,1.000000e+00,-3.338069e-01
-5.706339e-02,-1.854102e-02,5.555556e-03,1.000000e+00,-3.090170e-01
-5.346039e-02,-2.723943e-02,1.596032e-17,1.000000e+00,-4.539905e-01
-5.196152e-02,-3.000000e-02,1.576090e-17,1.000000e+00,-5.000000e-01
-5.346039e-02,-2.723943e-02,5.555556e-03,1.000000e+00,-4.539905e-01
-5.346039e-02,-2.723943e-02,2.777778e-03,1.000000e+00,-4.539905e-01
-5.272903e-02,-2.862953e-02,2.777778e-03,1.000000e+00,-4.771588e-01
-5.272903e-02,-2.862953e-02,1.586604e-17,1.000000e+00,-4.771588e-01
-5.032023e-02,-3.267834e-02,1.551827e-17,1.000000e+00,-5.446390e-01
-5.032023e-02,-3.267834e-02,5.555556e-03,1.000000e+00,-5.446390e-01
-5.115841e-02,-3.134991e-02,1.564495e-17,1.000000e+00,-5.224986e-01
-5.115841e-02,-3.134991e-02,2.777778e-03,1.000000e+00,-5.224986e-01
-5.032023e-02,-3.267834e-02,2.777778e-03,1.000000e+00,-5.446390e-01
-5.196152e-02,-3.000000e-02,5.555556e-03,1.000000e+00,-5.000000e-01
-4.662876e-02,-3.775922e-02,1.636978e-17,1.000000e+00,-6.293204e-01
-4.458869e-02,-4.014784e-02,1.606898e-17,1.000000e+00,-6.691306e-01
-4.662876e-02,-3.775922e-02,5.555556e-03,1.000000e+00,-6.293204e-01
-4.662876e-02,-3.775922e-02,2.777778e-03,1.000000e+00,-6.293204e-01
-4.562436e-02,-3.896688e-02,2.777778e-03,1.000000e+00,-6.494480e-01
-4.562436e-02,-3.896688e-02,1.622494e-17,1.000000e+00,-6.494480e-01
-4.242641e-02,-4.242641e-02,5.555556e-03,1.000000e+00,-7.071068e-01
-4.242641e-02,-4.242641e-02,1.572414e-17,1.000000e+00,-7.071068e-01
-4.352246e-02,-4.130127e-02,2.777778e-03,1.000000e+00,-6.883546e-01
-4.242641e-02,-4.242641e-02,2.777778e-03,1.000000e+00,-7.071068e-01
-4.352246e-02,-4.130127e-02,1.590201e-17,1.000000e+00,-6.883546e-01
-4.458869e-02,-4.014784e-02,5.555556e-03,1.000000e+00,-6.691306e-01
-3.775922e-02,-4.662876e-02,1.636978e-17,1.000000e+00,-7.771460e-01
-3.526712e-02,-4.854102e-02,1.596591e-17,1.000000e+00,-8.090170e-01
-3.775922e-02,-4.662876e-02,5.555556e-03,1.000000e+00,-7.771460e-01
-3.775922e-02,-4.662876e-02,2.777778e-03,1.000000e+00,-7.771460e-01
-3.652569e-02,-4.760120e-02,2.777778e-03,1.000000e+00,-7.933533e-01
-3.652569e-02,-4.760120e-02,1.617339e-17,1.000000e+00,-7.933533e-01
-3.267834e-02,-5.032023e-02,1.551827e-17,1.000000e+00,-8.386706e-01
-3.267834e-02,-5.032023e-02,5.555556e-03,1.000000e+00,-8.386706e-01
-3.398437e-02,-4.944757e-02,2.777778e-03,1.000000e+00,-8.241262e-01
-3.267834e-02,-5.032023e-02,2.777778e-03,1.000000e+00,-8.386706e-01
-3.398437e-02,-4.944757e-02,1.574749e-17,1.000000e+00,-8.241262e-01
-3.526712e-02,-4.854102e-02,5.555556e-03,1.000000e+00,-8.090170e-01
-2.723943e-02,-5.346039e-02,1.596032e-17,1.000000e+00,-8.910065e-01
-2.440420e-02,-5.481273e-02,1.545618e-17,1.000000e+00,-9.135455e-01
-2.723943e-02,-5.346039e-02,5.555556e-03,1.000000e+00,-8.910065e-01
-2.723943e-02,-5.346039e-02,2.777778e-03,1.000000e+00,-8.910065e-01
-2.583067e-02,-5.415512e-02,2.777778e-03,1.000000e+00,-9.025853e-01
-2.583067e-02,-5.415512e-02,1.571363e-17,1.000000e+00,-9.025853e-01
-2.150208e-02,-5.601483e-02,1.490969e-17,1.000000e+00,-9.335804e-01
-2.150208e-02,-5.601483e-02,5.555556e-03,1.000000e+00,-9.335804e-01
-2.296101e-02,-5.543277e-02,1.518814e-17,1.000000e+00,-9.238795e-01
-2.296101e-02,-5.543277e-02,2.777778e-03,1.000000e+00,-9.238795e-01
-2.150208e-02,-5.601483e-02,2.777778e-03,1.000000e+00,-9.335804e-01
-2.440420e-02,-5.481273e-02,5.555556e-03,1.000000e+00,-9.135455e-01
-1.552914e-02,-5.795555e-02,1.515928e-17,1.000000e+00,-9.659258e-01
-1.247470e-02,-5.868886e-02,1.456208e-17,1.000000e+00,-9.781476e-01
-1.552914e-02,-5.795555e-02,5.555556e-03,1.000000e+00,-9.659258e-01
-1.552914e-02,-5.795555e-02,2.777778e-03,1.000000e+00,-9.659258e-01
-1.400672e-02,-5.834220e-02,2.777778e-03,1.000000e+00,-9.723699e-01
-1.400672e-02,-5.834220e-02,1.486577e-17,1.000000e+00,-9.723699e-01
-9.386068e-03,-5.926130e-02,1.392497e-17,1.000000e+00,-9.876883e-01
-9.386068e-03,-5.926130e-02,5.555556e-03,1.000000e+00,-9.876883e-01
-1.093413e-02,-5.899529e-02,1.424841e-17,1.000000e+00,-9.832549e-01
-1.093413e-02,-5.899529e-02,2.777778e-03,1.000000e+00,-9.832549e-01
-9.386068e-03,-5.926130e-02,2.777778e-03,1.000000e+00,-9.876883e-01
-1.247470e-02,-5.868886e-02,5.555556e-03,1.000000e+00,-9.781476e-01
-3.140157e-03,-5.991777e-02,1.400167e-17,1.000000e+00,-9.986295e-01
1.746050e-17,-6.000000e-02,1.332268e-17,1.000000e+00,-1.000000e+00
-3.140157e-03,-5.991777e-02,5.555556e-03,1.000000e+00,-9.986295e-01
-3.140157e-03,-5.991777e-02,2.777778e-03,1.000000e+00,-9.986295e-01
-1.570617e-03,-5.997944e-02,2.777778e-03,1.000000e+00,-9.996573e-01
-1.570617e-03,-5.997944e-02,1.366686e-17,1.000000e+00,-9.996573e-01
3.140157e-03,-5.991777e-02,1.260716e-17,1.000000e+00,-9.986295e-01
3.140157e-03,-5.991777e-02,5.555556e-03,1.000000e+00,-9.986295e-01
1.570617e-03,-5.997944e-02,2.777778e-03,1.000000e+00,-9.996573e-01
3.140157e-03,-5.991777e-02,2.777778e-03,1.000000e+00,-9.986295e-01
1.570617e-03,-5.997944e-02,1.296936e-17,1.000000e+00,-9.996573e-01
-1.692900e-21,-6.000000e-02,5.555556e-03,1.000000e+00,-1.000000e+00
9.386068e-03,-5.926130e-02,1.253810e-17,1.000000e+00,-9.876883e-01
1.247470e-02,-5.868886e-02,1.179214e-17,1.000000e+00,-9.781476e-01
9.386068e-03,-5.926130e-02,5.555556e-03,1.000000e+00,-9.876883e-01
9.386068e-03,-5.926130e-02,2.777778e-03,1.000000e+00,-9.876883e-01
1.093413e-02,-5.899529e-02,2.777778e-03,1.000000e+00,-9.832549e-01
1.093413e-02,-5.899529e-02,1.216929e-17,1.000000e+00,-9.832549e-01
1.552914e-02,-5.795555e-02,1.101386e-17,1.000000e+00,-9.659258e-01
1.552914e-02,-5.795555e-02,5.555556e-03,1.000000e+00,-9.659258e-01
1.400672e-02,-5.834220e-02,1.140691e-17,1.000000e+00,-9.723699e-01
1.400672e-02,-5.834220e-02,2.777778e-03,1.000000e+00,-9.723699e-01
1.552914e-02,-5.795555e-02,2.777778e-03,1.000000e+00,-9.659258e-01
1.247470e-02,-5.868886e-02,5.555556e-03,1.000000e+00,-9.781476e-01
2.150208e-02,-5.601483e-02,1.083252e-17,1.000000e+00,-9.335804e-01
2.440420e-02,-5.481273e-02,1.003736e-17,1.000000e+00,-9.135455e-01
2.150208e-02,-5.601483e-02,5.555556e-03,1.000000e+00,-9.335804e-01
2.150208e-02,-5.601483e-02,2.777778e-03,1.000000e+00,-9.335804e-01
2.296101e-02,-5.543277e-02,2.777778e-03,1.000000e+00,-9.238795e-01
2.296101e-02,-5.543277e-02,1.043852e-17,1.000000e+00,-9.238795e-01
2.723943e-02,-5.346039e-02,9.214693e-18,1.000000e+00,-8.910065e-01
2.723943e-02,-5.346039e-02,5.555556e-03,1.000000e+00,-8.910065e-01
2.583067e-02,-5.415512e-02,9.629328e-18,1.000000e+00,-9.025853e-01
2.583067e-02,-5.415512e-02,2.777778e-03,1.000000e+00,-9.025853e-01
2.723943e-02,-5.346039e-02,2.777778e-03,1.000000e+00,-8.910065e-01
2.440420e-02,-5.481273e-02,5.555556e-03,1.000000e+00,-9.135455e-01
3.267834e-02,-5.032023e-02,8.959480e-18,1.000000e+00,-8.386706e-01
3.526712e-02,-4.854102e-02,8.135038e-18,1.000000e+00,-8.090170e-01
3.267834e-02,-5.032023e-02,5.555556e-03,1.000000e+00,-8.386706e-01
3.398437e-02,-4.944757e-02,8.550189e-18,1.000000e+00,-8.241262e-01
3.267834e-02,-5.032023e-02,2.777778e-03,1.000000e+00,-8.386706e-01
3.398437e-02,-4.944757e-02,2.777778e-03,1.000000e+00,-8.241262e-01
3.775922e-02,-4.662876e-02,5.555556e-03,1.000000e+00,-7.771460e-01
3.775922e-02,-4.662876e-02,7.288298e-18,1.000000e+00,-7.771460e-01
3.652569e-02,-4.760120e-02,2.777778e-03,1.000000e+00,-7.933533e-01
3.775922e-02,-4.662876e-02,2.777778e-03,1.000000e+00,-7.771460e-01
3.652569e-02,-4.760120e-02,7.714311e-18,1.000000e+00,-7.933533e-01
3.526712e-02,-4.854102e-02,5.555556e-03,1.000000e+00,-8.090170e-01
4.242641e-02,-4.242641e-02,7.000837e-18,1.000000e+00,-7.071068e-01
4.242641e-02,-4.242641e-02,5.555556e-03,1.000000e+00,-7.071068e-01
4.458869e-02,-4.014784e-02,6.168304e-18,1.000000e+00,-6.691306e-01
4.242641e-02,-4.242641e-02,2.777778e-03,1.000000e+00,-7.071068e-01
4.352246e-02,-4.130127e-02,2.777778e-03,1.000000e+00,-6.883546e-01
4.352246e-02,-4.130127e-02,6.586828e-18,1.000000e+00,-6.883546e-01
4.662876e-02,-3.775922e-02,5.318865e-18,1.000000e+00,-6.293204e-01
4.662876e-02,-3.775922e-02,5.555556e-03,1.000000e+00,-6.293204e-01
4.562436e-02,-3.896688e-02,5.745554e-18,1.000000e+00,-6.494480e-01
4.562436e-02,-3.896688e-02,2.777778e-03,1.000000e+00,-6.494480e-01
4.662876e-02,-3.775922e-02,2.777778e-03,1.000000e+00,-6.293204e-01
4.458869e-02,-4.014784e-02,5.555556e-03,1.000000e+00,-6.691306e-01
5.032023e-02,-3.267834e-02,5.042193e-18,1.000000e+00,-5.446390e-01
5.032023e-02,-3.267834e-02,5.555556e-03,1.000000e+00,-5.446390e-01
5.196152e-02,-3.000000e-02,4.223119e-18,1.000000e+00,-5.000000e-01
5.032023e-02,-3.267834e-02,2.777778e-03,1.000000e+00,-5.446390e-01
5.115841e-02,-3.134991e-02,2.777778e-03,1.000000e+00,-5.224986e-01
5.115841e-02,-3.134991e-02,4.634244e-18,1.000000e+00,-5.224986e-01
5.346039e-02,-2.723943e-02,5.555556e-03,1.000000e+00,-4.539905e-01
5.346039e-02,-2.723943e-02,3.392470e-18,1.000000e+00,-4.539905e-01
5.272903e-02,-2.862953e-02,2.777778e-03,1.000000e+00,-4.771588e-01
5.346039e-02,-2.723943e-02,2.777778e-03,1.000000e+00,-4.539905e-01
5.272903e-02,-2.862953e-02,3.809100e-18,1.000000e+00,-4.771588e-01
5.196152e-02,-3.000000e-02,5.555556e-03,1.000000e+00,-5.000000e-01
5.601483e-02,-2.150208e-02,3.169152e-18,1.000000e+00,-3.583679e-01
5.601483e-02,-2.150208e-02,5.555556e-03,1.000000e+00,-3.583679e-01
5.706339e-02,-1.854102e-02,2.384496e-18,1.000000e+00,-3.090170e-01
5.601483e-02,-2.150208e-02,2.777778e-03,1.000000e+00,-3.583679e-01
5.655849e-02,-2.002841e-02,2.777778e-03,1.000000e+00,-3.338069e-01
5.655849e-02,-2.002841e-02,2.777776e-18,1.000000e+00,-3.338069e-01
5.795555e-02,-1.552914e-02,1.593304e-18,1.000000e+00,-2.588190e-01
5.795555e-02,-1.552914e-02,5.555556e-03,1.000000e+00,-2.588190e-01
5.752918e-02,-1.704092e-02,1.989582e-18,1.000000e+00,-2.840153e-01
5.752918e-02,-1.704092e-02,2.777778e-03,1.000000e+00,-2.840153e-01
5.795555e-02,-1.552914e-02,2.777778e-03,1.000000e+00,-2.588190e-01
5.706339e-02,-1.854102e-02,5.555556e-03,1.000000e+00,-3.090170e-01
5.926130e-02,-9.386068e-03,1.463573e-18,1.000000e+00,-1.564345e-01
5.967131e-02,-6.271708e-03,7.327909e-19,1.000000e+00,-1.045285e-01
5.926130e-02,-9.386068e-03,5.555556e-03,1.000000e+00,-1.564345e-01
5.948669e-02,-7.831572e-03,1.098559e-18,1.000000e+00,-1.305262e-01
5.926130e-02,-9.386068e-03,2.777778e-03,1.000000e+00,-1.564345e-01
5.948669e-02,-7.831572e-03,2.777778e-03,1.000000e+00,-1.305262e-01
5.991777e-02,-3.140157e-03,-2.563798e-33,1.000000e+00,-5.233596e-02
5.991777e-02,-3.140157e-03,5.555556e-03,1.000000e+00,-5.233596e-02
5.981504e-02,-4.707546e-03,2.777778e-03,1.000000e+00,-7.845910e-02
5.991777e-02,-3.140157e-03,2.777778e-03,1.000000e+00,-5.233596e-02
5.981504e-02,-4.707546e-03,3.665211e-19,1.000000e+00,-7.845910e-02
5.967131e-02,-6.271708e-03,5.555556e-03,1.000000e+00,-1.045285e-01
5.991777e-02,3.140157e-03,-7.888609e-34,1.000000e+00,5.233596e-02
5.991777e-02,3.140157e-03,5.555556e-03,1.000000e+00,5.233596e-02
5.967131e-02,6.271708e-03,-6.598079e-19,1.000000e+00,1.045285e-01
5.991777e-02,3.140157e-03,2.777778e-03,1.000000e+00,5.233596e-02
5.981504e-02,4.707546e-03,2.777778e-03,1.000000e+00,7.845910e-02
5.981504e-02,4.707546e-03,-3.300171e-19,1.000000e+00,7.845910e-02
5.926130e-02,9.386068e-03,5.555556e-03,1.000000e+00,1.564345e-01
5.926130e-02,9.386068e-03,-1.317807e-18,1.000000e+00,1.564345e-01
5.948669e-02,7.831572e-03,2.777778e-03,1.000000e+00,1.305262e-01
5.926130e-02,9.386068e-03,2.777778e-03,1.000000e+00,1.564345e-01
5.948669e-02,7.831572e-03,-9.891466e-19,1.000000e+00,1.305262e-01
5.967131e-02,6.271708e-03,5.555556e-03,1.000000e+00,1.045285e-01
5.795555e-02,1.552914e-02,-1.157603e-18,1.000000e+00,2.588190e-01
5.795555e-02,1.552914e-02,5.555556e-03,1.000000e+00,2.588190e-01
5.706339e-02,1.854102e-02,-1.732438e-18,1.000000e+00,3.090170e-01
5.795555e-02,1.552914e-02,2.777778e-03,1.000000e+00,2.588190e-01
5.752918e-02,1.704092e-02,2.777778e-03,1.000000e+00,2.840153e-01
5.752918e-02,1.704092e-02,-1.445516e-18,1.000000e+00,2.840153e-01
5.601483e-02,2.150208e-02,-2.302523e-18,1.000000e+00,3.583679e-01
5.601483e-02,2.150208e-02,5.555556e-03,1.000000e+00,3.583679e-01
5.655849e-02,2.002841e-02,2.777778e-03,1.000000e+00,3.338069e-01
5.601483e-02,2.150208e-02,2.777778e-03,1.000000e+00,3.583679e-01
5.655849e-02,2.002841e-02,-2.018172e-18,1.000000e+00,3.338069e-01
5.706339e-02,1.854102e-02,5.555556e-03,1.000000e+00,3.090170e-01
5.346039e-02,2.723943e-02,-1.958643e-18,1.000000e+00,4.539905e-01
5.196152e-02,3.000000e-02,-2.438219e-18,1.000000e+00,5.000000e-01
5.346039e-02,2.723943e-02,5.555556e-03,1.000000e+00,4.539905e-01
5.346039e-02,2.723943e-02,2.777778e-03,1.000000e+00,4.539905e-01
5.272903e-02,2.862953e-02,2.777778e-03,1.000000e+00,4.771588e-01
5.272903e-02,2.862953e-02,-2.199185e-18,1.000000e+00,4.771588e-01
5.032023e-02,3.267834e-02,-2.911112e-18,1.000000e+00,5.446390e-01
5.032023e-02,3.267834e-02,5.555556e-03,1.000000e+00,5.446390e-01
5.115841e-02,3.134991e-02,2.777778e-03,1.000000e+00,5.224986e-01
5.032023e-02,3.267834e-02,2.777778e-03,1.000000e+00,5.446390e-01
5.115841e-02,3.134991e-02,-2.675582e-18,1.000000e+00,5.224986e-01
5.196152e-02,3.000000e-02,5.555556e-03,1.000000e+00,5.000000e-01
4.662876e-02,3.775922e-02,-2.368111e-18,1.000000e+00,6.293204e-01
4.458869e-02,4.014784e-02,-2.746306e-18,1.000000e+00,6.691306e-01
4.662876e-02,3.775922e-02,5.555556e-03,1.000000e+00,6.293204e-01
4.662876e-02,3.775922e-02,2.777778e-03,1.000000e+00,6.293204e-01
4.562436e-02,3.896688e-02,2.777778e-03,1.000000e+00,6.494480e-01
4.562436e-02,3.896688e-02,-2.558085e-18,1.000000e+00,6.494480e-01
4.242641e-02,4.242641e-02,5.555556e-03,1.000000e+00,7.071068e-01
4.242641e-02,4.242641e-02,-3.116973e-18,1.000000e+00,7.071068e-01
4.352246e-02,4.130127e-02,2.777778e-03,1.000000e+00,6.883546e-01
4.242641e-02,4.242641e-02,2.777778e-03,1.000000e+00,7.071068e-01
4.352246e-02,4.130127e-02,-2.932645e-18,1.000000e+00,6.883546e-01
4.458869e-02,4.014784e-02,5.555556e-03,1.000000e+00,6.691306e-01
3.775922e-02,4.662876e-02,-2.368111e-18,1.000000e+00,7.771460e-01
3.526712e-02,4.854102e-02,-2.643234e-18,1.000000e+00,8.090170e-01
3.775922e-02,4.662876e-02,5.555556e-03,1.000000e+00,7.771460e-01
3.652569e-02,4.760120e-02,-2.506532e-18,1.000000e+00,7.933533e-01
3.775922e-02,4.662876e-02,2.777778e-03,1.000000e+00,7.771460e-01
3.652569e-02,4.760120e-02,2.777778e-03,1.000000e+00,7.933533e-01
3.267834e-02,5.032023e-02,-2.911112e-18,1.000000e+00,8.386706e-01
3.267834e-02,5.032023e-02,5.555556e-03,1.000000e+00,8.386706e-01
3.398437e-02,4.944757e-02,-2.778125e-18,1.000000e+00,8.241262e-01
3.398437e-02,4.944757e-02,2.777778e-03,1.000000e+00,8.241262e-01
3.267834e-02,5.032023e-02,2.777778e-03,1.000000e+00,8.386706e-01
3.526712e-02,4.854102e-02,5.555556e-03,1.000000e+00,8.090170e-01
2.723943e-02,5.346039e-02,-1.958643e-18,1.000000e+00,8.910065e-01
2.440420e-02,5.481273e-02,-2.133507e-18,1.000000e+00,9.135455e-01
2.723943e-02,5.346039e-02,5.555556e-03,1.000000e+00,8.910065e-01
2.583067e-02,5.415512e-02,-2.046777e-18,1.000000e+00,9.025853e-01
2.723943e-02,5.346039e-02,2.777778e-03,1.000000e+00,8.910065e-01
2.583067e-02,5.415512e-02,2.777778e-03,1.000000e+00,9.025853e-01
2.150208e-02,5.601483e-02,5.555556e-03,1.000000e+00,9.335804e-01
2.150208e-02,5.601483e-02,-2.302523e-18,1.000000e+00,9.335804e-01
2.296101e-02,5.543277e-02,2.777778e-03,1.000000e+00,9.238795e-01
2.150208e-02,5.601483e-02,2.777778e-03,1.000000e+00,9.335804e-01
2.296101e-02,5.543277e-02,-2.218776e-18,1.000000e+00,9.238795e-01
2.440420e-02,5.481273e-02,5.555556e-03,1.000000e+00,9.135455e-01
1.552914e-02,5.795555e-02,-1.157603e-18,1.000000e+00,9.659258e-01
1.247470e-02,5.868886e-02,-1.239404e-18,1.000000e+00,9.781476e-01
1.552914e-02,5.795555e-02,5.555556e-03,1.000000e+00,9.659258e-01
1.552914e-02,5.795555e-02,2.777778e-03,1.000000e+00,9.659258e-01
1.400672e-02,5.834220e-02,2.777778e-03,1.000000e+00,9.723699e-01
1.400672e-02,5.834220e-02,-1.198914e-18,1.000000e+00,9.723699e-01
9.386068e-03,5.926130e-02,-1.317807e-18,1.000000e+00,9.876883e-01
9.386068e-03,5.926130e-02,5.555556e-03,1.000000e+00,9.876883e-01
1.093413e-02,5.899529e-02,2.777778e-03,1.000000e+00,9.832549e-01
9.386068e-03,5.926130e-02,2.777778e-03,1.000000e+00,9.876883e-01
1.093413e-02,5.899529e-02,-1.279044e-18,1.000000e+00,9.832549e-01
1.247470e-02,5.868886e-02,5.555556e-03,1.000000e+00,9.781476e-01
-9.386068e-03,5.926130e-02,2.000000e-01,1.000000e+00,9.876883e-01
-1.247470e-02,5.868886e-02,2.000000e-01,1.000000e+00,9.781476e-01
-9.386068e-03,5.926130e-02,1.944444e-01,1.000000e+00,9.876883e-01
-1.093413e-02,5.899529e-02,2.000000e-01,1.000000e+00,9.832549e-01
-1.093413e-02,5.899529e-02,1.972222e-01,1.000000e+00,9.832549e-01
-9.386068e-03,5.926130e-02,1.972222e-01,1.000000e+00,9.876883e-01
-1.552914e-02,5.795555e-02,2.222222e-02,1.000000e+00,9.659258e-01
-9.386068e-03,5.926130e-02,2.222222e-02,1.000000e+00,9.876883e-01
-9.386068e-03,5.926130e-02,3.333333e-02,1.000000e+00,9.876883e-01
-1.247470e-02,5.868886e-02,2.222222e-02,1.000000e+00,9.781476e-01
-9.386068e-03,5.926130e-02,2.777778e-02,1.000000e+00,9.876883e-01
-1.247470e-02,5.868886e-02,2.777778e-02,1.000000e+00,9.781476e-01
-1.552914e-02,5.795555e-02,1.111111e-02,1.000000e+00,9.659258e-01
-1.552914e-02,5.795555e-02,1.666667e-02,1.000000e+00,9.659258e-01
-1.247470e-02,5.868886e-02,1.666667e-02,1.000000e+00,9.781476e-01
-9.386068e-03,5.926130e-02,1.111111e-02,1.000000e+00,9.876883e-01
-9.386068e-03,5.926130e-02,1.666667e-02,1.000000e+00,9.876883e-01
-1.247470e-02,5.868886e-02,1.111111e-02,1.000000e+00,9.781476e-01
-9.386068e-03,5.926130e-02,4.444444e-02,1.000000e+00,9.876883e-01
-9.386068e-03,5.926130e-02,5.555556e-02,1.000000e+00,9.876883e-01
-1.552914e-02,5.795555e-02,4.444444e-02,1.000000e+00,9.659258e-01
-9.386068e-03,5.926130e-02,5.000000e-02,1.000000e+00,9.876883e-01
-1.247470e-02,5.868886e-02,5.000000e-02,1.000000e+00,9.781476e-01
-1.247470e-02,5.868886e-02,4.444444e-02,1.000000e+00,9.781476e-01
-1.552914e-02,5.795555e-02,3.333333e-02,1.000000e+00,9.659258e-01
-1.247470e-02,5.868886e-02,3.888889e-02,1.000000e+00,9.781476e-01
-1.552914e-02,5.795555e-02,3.888889e-02,1.000000e+00,9.659258e-01
-9.386068e-03,5.926130e-02,3.888889e-02,1.000000e+00,9.876883e-01
-1.247470e-02,5.868886e-02,3.333333e-02,1.000000e+00,9.781476e-01
-9.386068e-03,5.926130e-02,6.666667e-02,1.000000e+00,9.876883e-01
-1.552914e-02,5.795555e-02,6.666667e-02,1.000000e+00,9.659258e-01
-1.247470e-02,5.868886e-02,6.666667e-02,1.000000e+00,9.781476e-01
-1.247470e-02,5.868886e-02,6.111111e-02,1.000000e+00,9.781476e-01
-9.386068e-03,5.926130e-02,6.111111e-02,1.000000e+00,9.876883e-01
-9.386068e-03,5.926130e-02,7.777778e-02,1.000000e+00,9.876883e-01
-9.386068e-03,5.926130e-02,7.222222e-02,1.000000e+00,9.876883e-01
-1.247470e-02,5.868886e-02,7.222222e-02,1.000000e+00,9.781476e-01
-9.386068e-03,5.926130e-02,8.888889e-02,1.000000e+00,9.876883e-01
-1.552914e-02,5.795555e-02,8.888889e-02,1.000000e+00,9.659258e-01
-1.247470e-02,5.868886e-02,8.888889e-02,1.000000e+00,9.781476e-01
-1.247470e-02,5.868886e-02,8.333333e-02,1.000000e+00,9.781476e-01
-9.386068e-03,5.926130e-02,8.333333e-02,1.000000e+00,9.876883e-01
-9.386068e-03,5.926130e-02,1.000000e-01,1.000000e+00,9.876883e-01
-9.386068e-03,5.926130e-02,9.444444e-02,1.000000e+00,9.876883e-01
-1.247470e-02,5.868886e-02,9.444444e-02,1.000000e+00,9.781476e-01
-9.386068e-03,5.926130e-02,1.111111e-01,1.000000e+00,9.876883e-01
-1.552914e-02,5.795555e-02,1.111111e-01,1.000000e+00,9.659258e-01
-9.386068e-03,5.926130e-02,1.055556e-01,1.000000e+00,9.876883e-01
-1.247470e-02,5.868886e-02,1.111111e-01,1.000000e+00,9.781476e-01
-1.247470e-02,5.868886e-02,1.055556e-01,1.000000e+00,9.781476e-01
-9.386068e-03,5.926130e-02,1.222222e-01,1.000000e+00,9.876883e-01
-9.386068e-03,5.926130e-02,1.166667e-01,1.000000e+00,9.876883e-01
-1.247470e-02,5.868886e-02,1.166667e-01,1.000000e+00,9.781476e-01
-9.386068e-03,5.926130e-02,1.333333e-01,1.000000e+00,9.876883e-01
-1.552914e-02,5.795555e-02,1.333333e-01,1.000000e+00,9.659258e-01
-9.386068e-03,5.926130e-02,1.277778e-01,1.000000e+00,9.876883e-01
-1.247470e-02,5.868886e-02,1.333333e-01,1.000000e+00,9.781476e-01
-1.247470e-02,5.868886e-02,1.277778e-01,1.000000e+00,9.781476e-01
-9.386068e-03,5.926130e-02,1.444444e-01,1.000000e+00,9.876883e-01
-9.386068e-03,5.926130e-02,1.388889e-01,1.000000e+00,9.876883e-01
-1.247470e-02,5.868886e-02,1.388889e-01,1.000000e+00,9.781476e-01
-9.386068e-03,5.926130e-02,1.555556e-01,1.000000e+00,9.876883e-01
-1.552914e-02,5.795555e-02,1.555556e-01,1.000000e+00,9.659258e-01
-9.386068e-03,5.926130e-02,1.500000e-01,1.000000e+00,9.876883e-01
-1.247470e-02,5.868886e-02,1.555556e-01,1.000000e+00,9.781476e-01
-1.247470e-02,5.868886e-02,1.500000e-01,1.000000e+00,9.781476e-01
-9.386068e-03,5.926130e-02,1.666667e-01,1.000000e+00,9.876883e-01
-9.386068e-03,5.926130e-02,1.611111e-01,1.000000e+00,9.876883e-01
-1.247470e-02,5.868886e-02,1.611111e-01,1.000000e+00,9.781476e-01
-9.386068e-03,5.926130e-02,1.777778e-01,1.000000e+00,9.876883e-01
-1.552914e-02,5.795555e-02,1.777778e-01,1.000000e+00,9.659258e-01
-1.247470e-02,5.868886e-02,1.777778e-01,1.000000e+00,9.781476e-01
-1.247470e-02,5.868886e-02,1.722222e-01,1.000000e+00,9.781476e-01
-9.386068e-03,5.926130e-02,1.722222e-01,1.000000e+00,9.876883e-01
-1.552914e-02,5.795555e-02,1.888889e-01,1.000000e+00,9.659258e-01
-1.247470e-02,5.868886e-02,1.833333e-01,1.000000e+00,9.781476e-01
-1.552914e-02,5.795555e-02,1.833333e-01,1.000000e+00,9.659258e-01
-9.386068e-03,5.926130e-02,1.888889e-01,1.000000e+00,9.876883e-01
-9.386068e-03,5.926130e-02,1.833333e-01,1.000000e+00,9.876883e-01
-1.247470e-02,5.868886e-02,1.888889e-01,1.000000e+00,9.781476e-01
-1.552914e-02,5.795555e-02,2.000000e-01,1.000000e+00,9.659258e-01
-1.552914e-02,5.795555e-02,1.944444e-01,1.000000e+00,9.659258e-01
-1.552914e-02,5.795555e-02,1.972222e-01,1.000000e+00,9.659258e-01
-1.400672e-02,5.834220e-02,1.972222e-01,1.000000e+00,9.723699e-01
-1.400672e-02,5.834220e-02,2.000000e-01,1.000000e+00,9.723699e-01
-1.247470e-02,5.868886e-02,1.944444e-01,1.000000e+00,9.781476e-01
-1.552914e-02,5.795555e-02,2.777778e-02,1.000000e+00,9.659258e-01
-1.552914e-02,5.795555e-02,5.555556e-02,1.000000e+00,9.659258e-01
-1.247470e-02,5.868886e-02,5.555556e-02,1.000000e+00,9.781476e-01
-1.552914e-02,5.795555e-02,5.000000e-02,1.000000e+00,9.659258e-01
-1.552914e-02,5.795555e-02,6.111111e-02,1.000000e+00,9.659258e-01
-1.552914e-02,5.795555e-02,7.777778e-02,1.000000e+00,9.659258e-01
-1.247470e-02,5.868886e-02,7.777778e-02,1.000000e+00,9.781476e-01
-1.552914e-02,5.795555e-02,7.222222e-02,1.000000e+00,9.659258e-01
-1.552914e-02,5.795555e-02,8.333333e-02,1.000000e+00,9.659258e-01
-1.552914e-02,5.795555e-02,1.000000e-01,1.000000e+00,9.659258e-01
-1.247470e-02,5.868886e-02,1.000000e-01,1.000000e+00,9.781476e-01
-1.552914e-02,5.795555e-02,9.444444e-02,1.000000e+00,9.659258e-01
-1.552914e-02,5.795555e-02,1.055556e-01,1.000000e+00,9.659258e-01
-1.552914e-02,5.795555e-02,1.222222e-01,1.000000e+00,9.659258e-01
-1.247470e-02,5.868886e-02,1.222222e-01,1.000000e+00,9.781476e-01
-1.552914e-02,5.795555e-02,1.166667e-01,1.000000e+00,9.659258e-01
-1.552914e-02,5.795555e-02,1.277778e-01,1.000000e+00,9.659258e-01
-1.552914e-02,5.795555e-02,1.444444e-01,1.000000e+00,9.659258e-01
-1.247470e-02,5.868886e-02,1.444444e-01,1.000000e+00,9.781476e-01
-1.552914e-02,5.795555e-02,1.388889e-01,1.000000e+00,9.659258e-01
-1.552914e-02,5.795555e-02,1.500000e-01,1.000000e+00,9.659258e-01
-1.552914e-02,5.795555e-02,1.666667e-01,1.000000e+00,9.659258e-01
-1.552914e-02,5.795555e-02,1.611111e-01,1.000000e+00,9.659258e-01
-1.247470e-02,5.868886e-02,1.666667e-01,1.000000e+00,9.781476e-01
-1.552914e-02,5.795555e-02,1.722222e-01,1.000000e+00,9.659258e-01
-2.440420e-02,5.481273e-02,2.000000e-01,1.000000e+00,9.135455e-01
-2.150208e-02,5.601483e-02,2.000000e-01,1.000000e+00,9.335804e-01
-2.150208e-02,5.601483e-02,1.944444e-01,1.000000e+00,9.335804e-01
-2.296101e-02,5.543277e-02,2.000000e-01,1.000000e+00,9.238795e-01
-2.296101e-02,5.543277e-02,1.972222e-01,1.000000e+00,9.238795e-01
-2.150208e-02,5.601483e-02,1.972222e-01,1.000000e+00,9.335804e-01
-2.150208e-02,5.601483e-02,2.222222e-02,1.000000e+00,9.335804e-01
-2.723943e-02,5.346039e-02,2.222222e-02,1.000000e+00,8.910065e-01
-2.150208e-02,5.601483e-02,1.111111e-02,1.000000e+00,9.335804e-01
-2.440420e-02,5.481273e-02,2.222222e-02,1.000000e+00,9.135455e-01
-2.440420e-02,5.481273e-02,1.666667e-02,1.000000e+00,9.135455e-01
-2.150208e-02,5.601483e-02,1.666667e-02,1.000000e+00,9.335804e-01
-2.150208e-02,5.601483e-02,3.333333e-02,1.000000e+00,9.335804e-01
-2.150208e-02,5.601483e-02,2.777778e-02,1.000000e+00,9.335804e-01
-2.440420e-02,5.481273e-02,2.777778e-02,1.000000e+00,9.135455e-01
-2.150208e-02,5.601483e-02,4.444444e-02,1.000000e+00,9.335804e-01
-2.723943e-02,5.346039e-02,4.444444e-02,1.000000e+00,8.910065e-01
-2.150208e-02,5.601483e-02,3.888889e-02,1.000000e+00,9.335804e-01
-2.440420e-02,5.481273e-02,4.444444e-02,1.000000e+00,9.135455e-01
-2.440420e-02,5.481273e-02,3.888889e-02,1.000000e+00,9.135455e-01
-2.150208e-02,5.601483e-02,5.555556e-02,1.000000e+00,9.335804e-01
-2.150208e-02,5.601483e-02,5.000000e-02,1.000000e+00,9.335804e-01
-2.440420e-02,5.481273e-02,5.000000e-02,1.000000e+00,9.135455e-01
-2.150208e-02,5.601483e-02,6.666667e-02,1.000000e+00,9.335804e-01
-2.723943e-02,5.346039e-02,6.666667e-02,1.000000e+00,8.910065e-01
-2.440420e-02,5.481273e-02,6.666667e-02,1.000000e+00,9.135455e-01
-2.440420e-02,5.481273e-02,6.111111e-02,1.000000e+00,9.135455e-01
-2.150208e-02,5.601483e-02,6.111111e-02,1.000000e+00,9.335804e-01
-2.150208e-02,5.601483e-02,7.777778e-02,1.000000e+00,9.335804e-01
-2.150208e-02,5.601483e-02,7.222222e-02,1.000000e+00,9.335804e-01
-2.440420e-02,5.481273e-02,7.222222e-02,1.000000e+00,9.135455e-01
-2.150208e-02,5.601483e-02,8.888889e-02,1.000000e+00,9.335804e-01
-2.723943e-02,5.346039e-02,8.888889e-02,1.000000e+00,8.910065e-01
-2.440420e-02,5.481273e-02,8.888889e-02,1.000000e+00,9.135455e-01
-2.440420e-02,5.481273e-02,8.333333e-02,1.000000e+00,9.135455e-01
-2.150208e-02,5.601483e-02,8.333333e-02,1.000000e+00,9.335804e-01
-2.150208e-02,5.601483e-02,1.000000e-01,1.000000e+00,9.335804e-01
-2.150208e-02,5.601483e-02,9.444444e-02,1.000000e+00,9.335804e-01
-2.440420e-02,5.481273e-02,9.444444e-02,1.000000e+00,9.135455e-01
-2.150208e-02,5.601483e-02,1.111111e-01,1.000000e+00,9.335804e-01
-2.723943e-02,5.346039e-02,1.111111e-01,1.000000e+00,8.910065e-01
-2.440420e-02,5.481273e-02,1.111111e-01,1.000000e+00,9.135455e-01
-2.440420e-02,5.481273e-02,1.055556e-01,1.000000e+00,9.135455e-01
-2.150208e-02,5.601483e-02,1.055556e-01,1.000000e+00,9.335804e-01
-2.150208e-02,5.601483e-02,1.222222e-01,1.000000e+00,9.335804e-01
-2.150208e-02,5.601483e-02,1.166667e-01,1.000000e+00,9.335804e-01
-2.440420e-02,5.481273e-02,1.166667e-01,1.000000e+00,9.135455e-01
-2.150208e-02,5.601483e-02,1.333333e-01,1.000000e+00,9.335804e-01
-2.723943e-02,5.346039e-02,1.333333e-01,1.000000e+00,8.910065e-01
-2.150208e-02,5.601483e-02,1.277778e-01,1.000000e+00,9.335804e-01
-2.440420e-02,5.481273e-02,1.333333e-01,1.000000e+00,9.135455e-01
-2.440420e-02,5.481273e-02,1.277778e-01,1.000000e+00,9.135455e-01
-2.150208e-02,5.601483e-02,1.444444e-01,1.000000e+00,9.335804e-01
-2.150208e-02,5.601483e-02,1.388889e-01,1.000000e+00,9.335804e-01
-2.440420e-02,5.481273e-02,1.388889e-01,1.000000e+00,9.135455e-01
-2.150208e-02,5.601483e-02,1.555556e-01,1.000000e+00,9.335804e-01
-2.723943e-02,5.346039e-02,1.555556e-01,1.000000e+00,8.910065e-01
-2.150208e-02,5.601483e-02,1.500000e-01,1.000000e+00,9.335804e-01
-2.440420e-02,5.481273e-02,1.555556e-01,1.000000e+00,9.135455e-01
-2.440420e-02,5.481273e-02,1.500000e-01,1.000000e+00,9.135455e-01
-2.150208e-02,5.601483e-02,1.666667e-01,1.000000e+00,9.335804e-01
-2.150208e-02,5.601483e-02,1.611111e-01,1.000000e+00,9.335804e-01
-2.440420e-02,5.481273e-02,1.611111e-01,1.000000e+00,9.135455e-01
-2.150208e-02,5.601483e-02,1.777778e-01,1.000000e+00,9.335804e-01
-2.723943e-02,5.346039e-02,1.777778e-01,1.000000e+00,8.910065e-01
-2.440420e-02,5.481273e-02,1.777778e-01,1.000000e+00,9.135455e-01
-2.440420e-02,5.481273e-02,1.722222e-01,1.000000e+00,9.135455e-01
-2.150208e-02,5.601483e-02,1.722222e-01,1.000000e+00,9.335804e-01
-2.723943e-02,5.346039e-02,1.888889e-01,1.000000e+00,8.910065e-01
-2.440420e-02,5.481273e-02,1.833333e-01,1.000000e+00,9.135455e-01
-2.723943e-02,5.346039e-02,1.833333e-01,1.000000e+00,8.910065e-01
-2.150208e-02,5.601483e-02,1.888889e-01,1.000000e+00,9.335804e-01
-2.150208e-02,5.601483e-02,1.833333e-01,1.000000e+00,9.335804e-01
-2.440420e-02,5.481273e-02,1.888889e-01,1.000000e+00,9.135455e-01
-2.723943e-02,5.346039e-02,2.000000e-01,1.000000e+00,8.910065e-01
-2.723943e-02,5.346039e-02,1.944444e-01,1.000000e+00,8.910065e-01
-2.723943e-02,5.346039e-02,1.972222e-01,1.000000e+00,8.910065e-01
-2.583067e-02,5.415512e-02,1.972222e-01,1.000000e+00,9.025853e-01
-2.583067e-02,5.415512e-02,2.000000e-01,1.000000e+00,9.025853e-01
-2.440420e-02,5.481273e-02,1.944444e-01,1.000000e+00,9.135455e-01
-2.723943e-02,5.346039e-02,1.111111e-02,1.000000e+00,8.910065e-01
-2.723943e-02,5.346039e-02,1.666667e-02,1.000000e+00,8.910065e-01
-2.440420e-02,5.481273e-02,1.111111e-02,1.000000e+00,9.135455e-01
-2.723943e-02,5.346039e-02,3.333333e-02,1.000000e+00,8.910065e-01
-2.723943e-02,5.346039e-02,2.777778e-02,1.000000e+00,8.910065e-01
-2.440420e-02,5.481273e-02,3.333333e-02,1.000000e+00,9.135455e-01
-2.723943e-02,5.346039e-02,3.888889e-02,1.000000e+00,8.910065e-01
-2.723943e-02,5.346039e-02,5.555556e-02,1.000000e+00,8.910065e-01
-2.440420e-02,5.481273e-02,5.555556e-02,1.000000e+00,9.135455e-01
-2.723943e-02,5.346039e-02,5.000000e-02,1.000000e+00,8.910065e-01
-2.723943e-02,5.346039e-02,6.111111e-02,1.000000e+00,8.910065e-01
-2.723943e-02,5.346039e-02,7.777778e-02,1.000000e+00,8.910065e-01
-2.440420e-02,5.481273e-02,7.777778e-02,1.000000e+00,9.135455e-01
-2.723943e-02,5.346039e-02,7.222222e-02,1.000000e+00,8.910065e-01
-2.723943e-02,5.346039e-02,8.333333e-02,1.000000e+00,8.910065e-01
-2.723943e-02,5.346039e-02,1.000000e-01,1.000000e+00,8.910065e-01
-2.440420e-02,5.481273e-02,1.000000e-01,1.000000e+00,9.135455e-01
-2.723943e-02,5.346039e-02,9.444444e-02,1.000000e+00,8.910065e-01
-2.723943e-02,5.346039e-02,1.055556e-01,1.000000e+00,8.910065e-01
-2.723943e-02,5.346039e-02,1.222222e-01,1.000000e+00,8.910065e-01
-2.440420e-02,5.481273e-02,1.222222e-01,1.000000e+00,9.135455e-01
-2.723943e-02,5.346039e-02,1.166667e-01,1.000000e+00,8.910065e-01
-2.723943e-02,5.346039e-02,1.277778e-01,1.000000e+00,8.910065e-01
-2.723943e-02,5.346039e-02,1.444444e-01,1.000000e+00,8.910065e-01
-2.440420e-02,5.481273e-02,1.444444e-01,1.000000e+00,9.135455e-01
-2.723943e-02,5.346039e-02,1.388889e-01,1.000000e+00,8.910065e-01
-2.723943e-02,5.346039e-02,1.500000e-01,1.000000e+00,8.910065e-01
-2.723943e-02,5.346039e-02,1.666667e-01,1.000000e+00,8.910065e-01
-2.723943e-02,5.346039e-02,1.611111e-01,1.000000e+00,8.910065e-01
-2.440420e-02,5.481273e-02,1.666667e-01,1.000000e+00,9.135455e-01
-2.723943e-02,5.346039e-02,1.722222e-01,1.000000e+00,8.910065e-01
-3.526712e-02,4.854102e-02,2.000000e-01,1.000000e+00,8.090170e-01
-3.267834e-02,5.032023e-02,2.000000e-01,1.000000e+00,8.386706e-01
-3.267834e-02,5.032023e-02,1.944444e-01,1.000000e+00,8.386706e-01
-3.398437e-02,4.944757e-02,2.000000e-01,1.000000e+00,8.241262e-01
-3.398437e-02,4.944757e-02,1.972222e-01,1.000000e+00,8.241262e-01
-3.267834e-02,5.032023e-02,1.972222e-01,1.000000e+00,8.386706e-01
-3.267834e-02,5.032023e-02,2.222222e-02,1.000000e+00,8.386706e-01
-3.775922e-02,4.662876e-02,2.222222e-02,1.000000e+00,7.771460e-01
-3.267834e-02,5.032023e-02,1.111111e-02,1.000000e+00,8.386706e-01
-3.526712e-02,4.854102e-02,2.222222e-02,1.000000e+00,8.090170e-01
-3.526712e-02,4.854102e-02,1.666667e-02,1.000000e+00,8.090170e-01
-3.267834e-02,5.032023e-02,1.666667e-02,1.000000e+00,8.386706e-01
-3.267834e-02,5.032023e-02,3.333333e-02,1.000000e+00,8.386706e-01
-3.267834e-02,5.032023e-02,2.777778e-02,1.000000e+00,8.386706e-01
-3.526712e-02,4.854102e-02,2.777778e-02,1.000000e+00,8.090170e-01
-3.267834e-02,5.032023e-02,4.444444e-02,1.000000e+00,8.386706e-01
-3.775922e-02,4.662876e-02,4.444444e-02,1.000000e+00,7.771460e-01
-3.267834e-02,5.032023e-02,3.888889e-02,1.000000e+00,8.386706e-01
-3.526712e-02,4.854102e-02,4.444444e-02,1.000000e+00,8.090170e-01
-3.526712e-02,4.854102e-02,3.888889e-02,1.000000e+00,8.090170e-01
-3.267834e-02,5.032023e-02,5.555556e-02,1.000000e+00,8.386706e-01
-3.267834e-02,5.032023e-02,5.000000e-02,1.000000e+00,8.386706e-01
-3.526712e-02,4.854102e-02,5.000000e-02,1.000000e+00,8.090170e-01
-3.267834e-02,5.032023e-02,6.666667e-02,1.000000e+00,8.386706e-01
-3.775922e-02,4.662876e-02,6.666667e-02,1.000000e+00,7.771460e-01
-3.526712e-02,4.854102e-02,6.666667e-02,1.000000e+00,8.090170e-01
-3.526712e-02,4.854102e-02,6.111111e-02,1.000000e+00,8.090170e-01
-3.267834e-02,5.032023e-02,6.111111e-02,1.000000e+00,8.386706e-01
-3.267834e-02,5.032023e-02,7.777778e-02,1.000000e+00,8.386706e-01
-3.267834e-02,5.032023e-02,7.222222e-02,1.000000e+00,8.386706e-01
-3.526712e-02,4.854102e-02,7.222222e-02,1.000000e+00,8.090170e-01
-3.267834e-02,5.032023e-02,8.888889e-02,1.000000e+00,8.386706e-01
-3.775922e-02,4.662876e-02,8.888889e-02,1.000000e+00,7.771460e-01
-3.526712e-02,4.854102e-02,8.888889e-02,1.000000e+00,8.090170e-01
-3.526712e-02,4.854102e-02,8.333333e-02,1.000000e+00,8.090170e-01
-3.267834e-02,5.032023e-02,8.333333e-02,1.000000e+00,8.386706e-01
-3.267834e-02,5.032023e-02,1.000000e-01,1.000000e+00,8.386706e-01
-3.267834e-02,5.032023e-02,9.444444e-02,1.000000e+00,8.386706e-01
-3.526712e-02,4.854102e-02,9.444444e-02,1.000000e+00,8.090170e-01
-3.267834e-02,5.032023e-02,1.111111e-01,1.000000e+00,8.386706e-01
-3.775922e-02,4.662876e-02,1.111111e-01,1.000000e+00,7.771460e-01
-3.267834e-02,5.032023e-02,1.055556e-01,1.000000e+00,8.386706e-01
-3.526712e-02,4.854102e-02,1.111111e-01,1.000000e+00,8.090170e-01
-3.526712e-02,4.854102e-02,1.055556e-01,1.000000e+00,8.090170e-01
-3.267834e-02,5.032023e-02,1.222222e-01,1.000000e+00,8.386706e-01
-3.267834e-02,5.032023e-02,1.166667e-01,1.000000e+00,8.386706e-01
-3.526712e-02,4.854102e-02,1.166667e-01,1.000000e+00,8.090170e-01
-3.267834e-02,5.032023e-02,1.333333e-01,1.000000e+00,8.386706e-01
-3.775922e-02,4.662876e-02,1.333333e-01,1.000000e+00,7.771460e-01
-3.267834e-02,5.032023e-02,1.277778e-01,1.000000e+00,8.386706e-01
-3.526712e-02,4.854102e-02,1.333333e-01,1.000000e+00,8.090170e-01
-3.526712e-02,4.854102e-02,1.277778e-01,1.000000e+00,8.090170e-01
-3.267834e-02,5.032023e-02,1.444444e-01,1.000000e+00,8.386706e-01
-3.267834e-02,5.032023e-02,1.388889e-01,1.000000e+00,8.386706e-01
-3.526712e-02,4.854102e-02,1.388889e-01,1.000000e+00,8.090170e-01
-3.267834e-02,5.032023e-02,1.555556e-01,1.000000e+00,8.386706e-01
-3.775922e-02,4.662876e-02,1.555556e-01,1.000000e+00,7.771460e-01
-3.267834e-02,5.032023e-02,1.500000e-01,1.000000e+00,8.386706e-01
-3.526712e-02,4.854102e-02,1.555556e-01,1.000000e+00,8.090170e-01
-3.526712e-02,4.854102e-02,1.500000e-01,1.000000e+00,8.090170e-01
-3.267834e-02,5.032023e-02,1.666667e-01,1.000000e+00,8.386706e-01
-3.267834e-02,5.032023e-02,1.611111e-01,1.000000e+00,8.386706e-01
-3.526712e-02,4.854102e-02,1.611111e-01,1.000000e+00,8.090170e-01
-3.267834e-02,5.032023e-02,1.777778e-01,1.000000e+00,8.386706e-01
-3.775922e-02,4.662876e-02,1.777778e-01,1.000000e+00,7.771460e-01
-3.526712e-02,4.854102e-02,1.777778e-01,1.000000e+00,8.090170e-01
-3.526712e-02,4.854102e-02,1.722222e-01,1.000000e+00,8.090170e-01
-3.267834e-02,5.032023e-02,1.722222e-01,1.000000e+00,8.386706e-01
-3.775922e-02,4.662876e-02,1.888889e-01,1.000000e+00,7.771460e-01
-3.526712e-02,4.854102e-02,1.833333e-01,1.000000e+00,8.090170e-01
-3.775922e-02,4.662876e-02,1.833333e-01,1.000000e+00,7.771460e-01
-3.267834e-02,5.032023e-02,1.888889e-01,1.000000e+00,8.386706e-01
-3.267834e-02,5.032023e-02,1.833333e-01,1.000000e+00,8.386706e-01
-3.526712e-02,4.854102e-02,1.888889e-01,1.000000e+00,8.090170e-01
-3.775922e-02,4.662876e-02,2.000000e-01,1.000000e+00,7.771460e-01
-3.775922e-02,4.662876e-02,1.944444e-01,1.000000e+00,7.771460e-01
-3.652569e-02,4.760120e-02,2.000000e-01,1.000000e+00,7.933533e-01
-3.775922e-02,4.662876e-02,1.972222e-01,1.000000e+00,7.771460e-01
-3.652569e-02,4.760120e-02,1.972222e-01,1.000000e+00,7.933533e-01
-3.526712e-02,4.854102e-02,1.944444e-01,1.000000e+00,8.090170e-01
-3.775922e-02,4.662876e-02,1.111111e-02,1.000000e+00,7.771460e-01
-3.775922e-02,4.662876e-02,1.666667e-02,1.000000e+00,7.771460e-01
-3.526712e-02,4.854102e-02,1.111111e-02,1.000000e+00,8.090170e-01
-3.775922e-02,4.662876e-02,3.333333e-02,1.000000e+00,7.771460e-01
-3.775922e-02,4.662876e-02,2.777778e-02,1.000000e+00,7.771460e-01
-3.526712e-02,4.854102e-02,3.333333e-02,1.000000e+00,8.090170e-01
-3.775922e-02,4.662876e-02,3.888889e-02,1.000000e+00,7.771460e-01
-3.775922e-02,4.662876e-02,5.555556e-02,1.000000e+00,7.771460e-01
-3.526712e-02,4.854102e-02,5.555556e-02,1.000000e+00,8.090170e-01
-3.775922e-02,4.662876e-02,5.000000e-02,1.000000e+00,7.771460e-01
-3.775922e-02,4.662876e-02,6.111111e-02,1.000000e+00,7.771460e-01
-3.775922e-02,4.662876e-02,7.777778e-02,1.000000e+00,7.771460e-01
-3.526712e-02,4.854102e-02,7.777778e-02,1.000000e+00,8.090170e-01
-3.775922e-02,4.662876e-02,7.222222e-02,1.000000e+00,7.771460e-01
-3.775922e-02,4.662876e-02,8.333333e-02,1.000000e+00,7.771460e-01
-3.775922e-02,4.662876e-02,1.000000e-01,1.000000e+00,7.771460e-01
-3.526712e-02,4.854102e-02,1.000000e-01,1.000000e+00,8.090170e-01
-3.775922e-02,4.662876e-02,9.444444e-02,1.000000e+00,7.771460e-01
-3.775922e-02,4.662876e-02,1.055556e-01,1.000000e+00,7.771460e-01
-3.775922e-02,4.662876e-02,1.222222e-01,1.000000e+00,7.771460e-01
-3.526712e-02,4.854102e-02,1.222222e-01,1.000000e+00,8.090170e-01
-3.775922e-02,4.662876e-02,1.166667e-01,1.000000e+00,7.771460e-01
-3.775922e-02,4.662876e-02,1.277778e-01,1.000000e+00,7.771460e-01
-3.775922e-02,4.662876e-02,1.444444e-01,1.000000e+00,7.771460e-01
-3.526712e-02,4.854102e-02,1.444444e-01,1.000000e+00,8.090170e-01
-3.775922e-02,4.662876e-02,1.388889e-01,1.000000e+00,7.771460e-01
-3.775922e-02,4.662876e-02,1.500000e-01,1.000000e+00,7.771460e-01
-3.775922e-02,4.662876e-02,1.666667e-01,1.000000e+00,7.771460e-01
-3.526712e-02,4.854102e-02,1.666667e-01,1.000000e+00,8.090170e-01
-3.775922e-02,4.662876e-02,1.611111e-01,1.000000e+00,7.771460e-01
-3.775922e-02,4.662876e-02,1.722222e-01,1.000000e+00,7.771460e-01
-4.242641e-02,4.242641e-02,2.000000e-01,1.000000e+00,7.071068e-01
-4.242641e-02,4.242641e-02,1.944444e-01,1.000000e+00,7.071068e-01
-4.458869e-02,4.014784e-02,2.000000e-01,1.000000e+00,6.691306e-01
-4.242641e-02,4.242641e-02,1.972222e-01,1.000000e+00,7.071068e-01
-4.352246e-02,4.130127e-02,2.000000e-01,1.000000e+00,6.883546e-01
-4.352246e-02,4.130127e-02,1.972222e-01,1.000000e+00,6.883546e-01
-4.242641e-02,4.242641e-02,1.111111e-02,1.000000e+00,7.071068e-01
-4.242641e-02,4.242641e-02,2.222222e-02,1.000000e+00,7.071068e-01
-4.662876e-02,3.775922e-02,2.222222e-02,1.000000e+00,6.293204e-01
-4.242641e-02,4.242641e-02,1.666667e-02,1.000000e+00,7.071068e-01
-4.458869e-02,4.014784e-02,2.222222e-02,1.000000e+00,6.691306e-01
-4.458869e-02,4.014784e-02,1.666667e-02,1.000000e+00,6.691306e-01
-4.662876e-02,3.775922e-02,3.333333e-02,1.000000e+00,6.293204e-01
-4.458869e-02,4.014784e-02,2.777778e-02,1.000000e+00,6.691306e-01
-4.662876e-02,3.775922e-02,2.777778e-02,1.000000e+00,6.293204e-01
-4.242641e-02,4.242641e-02,3.333333e-02,1.000000e+00,7.071068e-01
-4.242641e-02,4.242641e-02,2.777778e-02,1.000000e+00,7.071068e-01
-4.458869e-02,4.014784e-02,3.333333e-02,1.000000e+00,6.691306e-01
-4.242641e-02,4.242641e-02,4.444444e-02,1.000000e+00,7.071068e-01
-4.662876e-02,3.775922e-02,4.444444e-02,1.000000e+00,6.293204e-01
-4.458869e-02,4.014784e-02,4.444444e-02,1.000000e+00,6.691306e-01
-4.458869e-02,4.014784e-02,3.888889e-02,1.000000e+00,6.691306e-01
-4.242641e-02,4.242641e-02,3.888889e-02,1.000000e+00,7.071068e-01
-4.242641e-02,4.242641e-02,5.555556e-02,1.000000e+00,7.071068e-01
-4.242641e-02,4.242641e-02,5.000000e-02,1.000000e+00,7.071068e-01
-4.458869e-02,4.014784e-02,5.000000e-02,1.000000e+00,6.691306e-01
-4.242641e-02,4.242641e-02,6.666667e-02,1.000000e+00,7.071068e-01
-4.242641e-02,4.242641e-02,7.777778e-02,1.000000e+00,7.071068e-01
-4.662876e-02,3.775922e-02,6.666667e-02,1.000000e+00,6.293204e-01
-4.242641e-02,4.242641e-02,7.222222e-02,1.000000e+00,7.071068e-01
-4.458869e-02,4.014784e-02,7.222222e-02,1.000000e+00,6.691306e-01
-4.458869e-02,4.014784e-02,6.666667e-02,1.000000e+00,6.691306e-01
-4.662876e-02,3.775922e-02,5.555556e-02,1.000000e+00,6.293204e-01
-4.458869e-02,4.014784e-02,6.111111e-02,1.000000e+00,6.691306e-01
-4.662876e-02,3.775922e-02,6.111111e-02,1.000000e+00,6.293204e-01
-4.242641e-02,4.242641e-02,6.111111e-02,1.000000e+00,7.071068e-01
-4.458869e-02,4.014784e-02,5.555556e-02,1.000000e+00,6.691306e-01
-4.242641e-02,4.242641e-02,8.888889e-02,1.000000e+00,7.071068e-01
-4.662876e-02,3.775922e-02,8.888889e-02,1.000000e+00,6.293204e-01
-4.458869e-02,4.014784e-02,8.888889e-02,1.000000e+00,6.691306e-01
-4.458869e-02,4.014784e-02,8.333333e-02,1.000000e+00,6.691306e-01
-4.242641e-02,4.242641e-02,8.333333e-02,1.000000e+00,7.071068e-01
-4.242641e-02,4.242641e-02,1.000000e-01,1.000000e+00,7.071068e-01
-4.242641e-02,4.242641e-02,9.444444e-02,1.000000e+00,7.071068e-01
-4.458869e-02,4.014784e-02,9.444444e-02,1.000000e+00,6.691306e-01
-4.242641e-02,4.242641e-02,1.111111e-01,1.000000e+00,7.071068e-01
-4.662876e-02,3.775922e-02,1.111111e-01,1.000000e+00,6.293204e-01
-4.458869e-02,4.014784e-02,1.111111e-01,1.000000e+00,6.691306e-01
-4.458869e-02,4.014784e-02,1.055556e-01,1.000000e+00,6.691306e-01
-4.242641e-02,4.242641e-02,1.055556e-01,1.000000e+00,7.071068e-01
-4.242641e-02,4.242641e-02,1.222222e-01,1.000000e+00,7.071068e-01
-4.242641e-02,4.242641e-02,1.166667e-01,1.000000e+00,7.071068e-01
-4.458869e-02,4.014784e-02,1.166667e-01,1.000000e+00,6.691306e-01
-4.242641e-02,4.242641e-02,1.333333e-01,1.000000e+00,7.071068e-01
-4.662876e-02,3.775922e-02,1.333333e-01,1.000000e+00,6.293204e-01
-4.242641e-02,4.242641e-02,1.277778e-01,1.000000e+00,7.071068e-01
-4.458869e-02,4.014784e-02,1.333333e-01,1.000000e+00,6.691306e-01
-4.458869e-02,4.014784e-02,1.277778e-01,1.000000e+00,6.691306e-01
-4.242641e-02,4.242641e-02,1.444444e-01,1.000000e+00,7.071068e-01
-4.242641e-02,4.242641e-02,1.388889e-01,1.000000e+00,7.071068e-01
-4.458869e-02,4.014784e-02,1.388889e-01,1.000000e+00,6.691306e-01
-4.242641e-02,4.242641e-02,1.555556e-01,1.000000e+00,7.071068e-01
-4.662876e-02,3.775922e-02,1.555556e-01,1.000000e+00,6.293204e-01
-4.458869e-02,4.014784e-02,1.555556e-01,1.000000e+00,6.691306e-01
-4.458869e-02,4.014784e-02,1.500000e-01,1.000000e+00,6.691306e-01
-4.242641e-02,4.242641e-02,1.500000e-01,1.000000e+00,7.071068e-01
-4.242641e-02,4.242641e-02,1.666667e-01,1.000000e+00,7.071068e-01
-4.242641e-02,4.242641e-02,1.611111e-01,1.000000e+00,7.071068e-01
-4.458869e-02,4.014784e-02,1.611111e-01,1.000000e+00,6.691306e-01
-4.242641e-02,4.242641e-02,1.777778e-01,1.000000e+00,7.071068e-01
-4.662876e-02,3.775922e-02,1.777778e-01,1.000000e+00,6.293204e-01
-4.458869e-02,4.014784e-02,1.777778e-01,1.000000e+00,6.691306e-01
-4.458869e-02,4.014784e-02,1.722222e-01,1.000000e+00,6.691306e-01
-4.242641e-02,4.242641e-02,1.722222e-01,1.000000e+00,7.071068e-01
-4.662876e-02,3.775922e-02,1.888889e-01,1.000000e+00,6.293204e-01
-4.458869e-02,4.014784e-02,1.833333e-01,1.000000e+00,6.691306e-01
-4.662876e-02,3.775922e-02,1.833333e-01,1.000000e+00,6.293204e-01
-4.242641e-02,4.242641e-02,1.888889e-01,1.000000e+00,7.071068e-01
-4.242641e-02,4.242641e-02,1.833333e-01,1.000000e+00,7.071068e-01
-4.458869e-02,4.014784e-02,1.888889e-01,1.000000e+00,6.691306e-01
-4.662876e-02,3.775922e-02,2.000000e-01,1.000000e+00,6.293204e-01
-4.662876e-02,3.775922e-02,1.944444e-01,1.000000e+00,6.293204e-01
-4.662876e-02,3.775922e-02,1.972222e-01,1.000000e+00,6.293204e-01
-4.562436e-02,3.896688e-02,1.972222e-01,1.000000e+00,6.494480e-01
-4.562436e-02,3.896688e-02,2.000000e-01,1.000000e+00,6.494480e-01
-4.458869e-02,4.014784e-02,1.944444e-01,1.000000e+00,6.691306e-01
-4.662876e-02,3.775922e-02,1.111111e-02,1.000000e+00,6.293204e-01
-4.662876e-02,3.775922e-02,1.666667e-02,1.000000e+00,6.293204e-01
-4.458869e-02,4.014784e-02,1.111111e-02,1.000000e+00,6.691306e-01
-4.662876e-02,3.775922e-02,3.888889e-02,1.000000e+00,6.293204e-01
-4.662876e-02,3.775922e-02,5.000000e-02,1.000000e+00,6.293204e-01
-4.662876e-02,3.775922e-02,7.777778e-02,1.000000e+00,6.293204e-01
-4.458869e-02,4.014784e-02,7.777778e-02,1.000000e+00,6.691306e-01
-4.662876e-02,3.775922e-02,7.222222e-02,1.000000e+00,6.293204e-01
-4.662876e-02,3.775922e-02,8.333333e-02,1.000000e+00,6.293204e-01
-4.662876e-02,3.775922e-02,1.000000e-01,1.000000e+00,6.293204e-01
-4.458869e-02,4.014784e-02,1.000000e-01,1.000000e+00,6.691306e-01
-4.662876e-02,3.775922e-02,9.444444e-02,1.000000e+00,6.293204e-01
-4.662876e-02,3.775922e-02,1.055556e-01,1.000000e+00,6.293204e-01
-4.662876e-02,3.775922e-02,1.222222e-01,1.000000e+00,6.293204e-01
-4.458869e-02,4.014784e-02,1.222222e-01,1.000000e+00,6.691306e-01
-4.662876e-02,3.775922e-02,1.166667e-01,1.000000e+00,6.293204e-01
-4.662876e-02,3.775922e-02,1.277778e-01,1.000000e+00,6.293204e-01
-4.662876e-02,3.775922e-02,1.444444e-01,1.000000e+00,6.293204e-01
-4.458869e-02,4.014784e-02,1.444444e-01,1.000000e+00,6.691306e-01
-4.662876e-02,3.775922e-02,1.388889e-01,1.000000e+00,6.293204e-01
-4.662876e-02,3.775922e-02,1.500000e-01,1.000000e+00,6.293204e-01
-4.662876e-02,3.775922e-02,1.666667e-01,1.000000e+00,6.293204e-01
-4.458869e-02,4.014784e-02,1.666667e-01,1.000000e+00,6.691306e-01
-4.662876e-02,3.775922e-02,1.611111e-01,1.000000e+00,6.293204e-01
-4.662876e-02,3.775922e-02,1.722222e-01,1.000000e+00,6.293204e-01
-5.196152e-02,3.000000e-02,2.000000e-01,1.000000e+00,5.000000e-01
-5.032023e-02,3.267834e-02,2.000000e-01,1.000000e+00,5.446390e-01
-5.032023e-02,3.267834e-02,1.944444e-01,1.000000e+00,5.446390e-01
-5.115841e-02,3.134991e-02,2.000000e-01,1.000000e+00,5.224986e-01
-5.115841e-02,3.134991e-02,1.972222e-01,1.000000e+00,5.224986e-01
-5.032023e-02,3.267834e-02,1.972222e-01,1.000000e+00,5.446390e-01
-5.032023e-02,3.267834e-02,1.111111e-02,1.000000e+00,5.446390e-01
-5.032023e-02,3.267834e-02,2.222222e-02,1.000000e+00,5.446390e-01
-5.346039e-02,2.723943e-02,2.222222e-02,1.000000e+00,4.539905e-01
-5.032023e-02,3.267834e-02,1.666667e-02,1.000000e+00,5.446390e-01
-5.196152e-02,3.000000e-02,2.222222e-02,1.000000e+00,5.000000e-01
-5.196152e-02,3.000000e-02,1.666667e-02,1.000000e+00,5.000000e-01
-5.032023e-02,3.267834e-02,3.333333e-02,1.000000e+00,5.446390e-01
-5.032023e-02,3.267834e-02,2.777778e-02,1.000000e+00,5.446390e-01
-5.196152e-02,3.000000e-02,2.777778e-02,1.000000e+00,5.000000e-01
-5.032023e-02,3.267834e-02,4.444444e-02,1.000000e+00,5.446390e-01
-5.346039e-02,2.723943e-02,4.444444e-02,1.000000e+00,4.539905e-01
-5.032023e-02,3.267834e-02,3.888889e-02,1.000000e+00,5.446390e-01
-5.196152e-02,3.000000e-02,4.444444e-02,1.000000e+00,5.000000e-01
-5.196152e-02,3.000000e-02,3.888889e-02,1.000000e+00,5.000000e-01
-5.032023e-02,3.267834e-02,5.555556e-02,1.000000e+00,5.446390e-01
-5.032023e-02,3.267834e-02,5.000000e-02,1.000000e+00,5.446390e-01
-5.196152e-02,3.000000e-02,5.000000e-02,1.000000e+00,5.000000e-01
-5.032023e-02,3.267834e-02,6.666667e-02,1.000000e+00,5.446390e-01
-5.346039e-02,2.723943e-02,6.666667e-02,1.000000e+00,4.539905e-01
-5.196152e-02,3.000000e-02,6.666667e-02,1.000000e+00,5.000000e-01
-5.196152e-02,3.000000e-02,6.111111e-02,1.000000e+00,5.000000e-01
-5.032023e-02,3.267834e-02,6.111111e-02,1.000000e+00,5.446390e-01
-5.032023e-02,3.267834e-02,7.777778e-02,1.000000e+00,5.446390e-01
-5.032023e-02,3.267834e-02,7.222222e-02,1.000000e+00,5.446390e-01
-5.196152e-02,3.000000e-02,7.222222e-02,1.000000e+00,5.000000e-01
-5.032023e-02,3.267834e-02,8.888889e-02,1.000000e+00,5.446390e-01
-5.346039e-02,2.723943e-02,8.888889e-02,1.000000e+00,4.539905e-01
-5.196152e-02,3.000000e-02,8.888889e-02,1.000000e+00,5.000000e-01
-5.196152e-02,3.000000e-02,8.333333e-02,1.000000e+00,5.000000e-01
-5.032023e-02,3.267834e-02,8.333333e-02,1.000000e+00,5.446390e-01
-5.032023e-02,3.267834e-02,1.000000e-01,1.000000e+00,5.446390e-01
-5.032023e-02,3.267834e-02,9.444444e-02,1.000000e+00,5.446390e-01
-5.196152e-02,3.000000e-02,9.444444e-02,1.000000e+00,5.000000e-01
-5.032023e-02,3.267834e-02,1.111111e-01,1.000000e+00,5.446390e-01
-5.346039e-02,2.723943e-02,1.111111e-01,1.000000e+00,4.539905e-01
-5.196152e-02,3.000000e-02,1.111111e-01,1.000000e+00,5.000000e-01
-5.196152e-02,3.000000e-02,1.055556e-01,1.000000e+00,5.000000e-01
-5.032023e-02,3.267834e-02,1.055556e-01,1.000000e+00,5.446390e-01
-5.032023e-02,3.267834e-02,1.222222e-01,1.000000e+00,5.446390e-01
-5.032023e-02,3.267834e-02,1.166667e-01,1.000000e+00,5.446390e-01
-5.196152e-02,3.000000e-02,1.166667e-01,1.000000e+00,5.000000e-01
-5.032023e-02,3.267834e-02,1.333333e-01,1.000000e+00,5.446390e-01
-5.346039e-02,2.723943e-02,1.333333e-01,1.000000e+00,4.539905e-01
-5.032023e-02,3.267834e-02,1.277778e-01,1.000000e+00,5.446390e-01
-5.196152e-02,3.000000e-02,1.333333e-01,1.000000e+00,5.000000e-01
-5.196152e-02,3.000000e-02,1.277778e-01,1.000000e+00,5.000000e-01
-5.032023e-02,3.267834e-02,1.444444e-01,1.000000e+00,5.446390e-01
-5.032023e-02,3.267834e-02,1.388889e-01,1.000000e+00,5.446390e-01
-5.196152e-02,3.000000e-02,1.388889e-01,1.000000e+00,5.000000e-01
-5.032023e-02,3.267834e-02,1.555556e-01,1.000000e+00,5.446390e-01
-5.346039e-02,2.723943e-02,1.555556e-01,1.000000e+00,4.539905e-01
-5.032023e-02,3.267834e-02,1.500000e-01,1.000000e+00,5.446390e-01
-5.196152e-02,3.000000e-02,1.555556e-01,1.000000e+00,5.000000e-01
-5.196152e-02,3.000000e-02,1.500000e-01,1.000000e+00,5.000000e-01
-5.032023e-02,3.267834e-02,1.666667e-01,1.000000e+00,5.446390e-01
-5.032023e-02,3.267834e-02,1.611111e-01,1.000000e+00,5.446390e-01
-5.196152e-02,3.000000e-02,1.611111e-01,1.000000e+00,5.000000e-01
-5.032023e-02,3.267834e-02,1.777778e-01,1.000000e+00,5.446390e-01
-5.032023e-02,3.267834e-02,1.888889e-01,1.000000e+00,5.446390e-01
-5.346039e-02,2.723943e-02,1.777778e-01,1.000000e+00,4.539905e-01
-5.032023e-02,3.267834e-02,1.833333e-01,1.000000e+00,5.446390e-01
-5.196152e-02,3.000000e-02,1.833333e-01,1.000000e+00,5.000000e-01
-5.196152e-02,3.000000e-02,1.777778e-01,1.000000e+00,5.000000e-01
-5.346039e-02,2.723943e-02,1.666667e-01,1.000000e+00,4.539905e-01
-5.346039e-02,2.723943e-02,1.722222e-01,1.000000e+00,4.539905e-01
-5.196152e-02,3.000000e-02,1.722222e-01,1.000000e+00,5.000000e-01
-5.196152e-02,3.000000e-02,1.666667e-01,1.000000e+00,5.000000e-01
-5.032023e-02,3.267834e-02,1.722222e-01,1.000000e+00,5.446390e-01
-5.346039e-02,2.723943e-02,2.000000e-01,1.000000e+00,4.539905e-01
-5.346039e-02,2.723943e-02,1.944444e-01,1.000000e+00,4.539905e-01
-5.272903e-02,2.862953e-02,2.000000e-01,1.000000e+00,4.771588e-01
-5.346039e-02,2.723943e-02,1.972222e-01,1.000000e+00,4.539905e-01
-5.272903e-02,2.862953e-02,1.972222e-01,1.000000e+00,4.771588e-01
-5.196152e-02,3.000000e-02,1.944444e-01,1.000000e+00,5.000000e-01
-5.346039e-02,2.723943e-02,1.111111e-02,1.000000e+00,4.539905e-01
-5.346039e-02,2.723943e-02,1.666667e-02,1.000000e+00,4.539905e-01
-5.196152e-02,3.000000e-02,1.111111e-02,1.000000e+00,5.000000e-01
-5.346039e-02,2.723943e-02,3.333333e-02,1.000000e+00,4.539905e-01
-5.346039e-02,2.723943e-02,2.777778e-02,1.000000e+00,4.539905e-01
-5.196152e-02,3.000000e-02,3.333333e-02,1.000000e+00,5.000000e-01
-5.346039e-02,2.723943e-02,3.888889e-02,1.000000e+00,4.539905e-01
-5.346039e-02,2.723943e-02,5.555556e-02,1.000000e+00,4.539905e-01
-5.196152e-02,3.000000e-02,5.555556e-02,1.000000e+00,5.000000e-01
-5.346039e-02,2.723943e-02,5.000000e-02,1.000000e+00,4.539905e-01
-5.346039e-02,2.723943e-02,6.111111e-02,1.000000e+00,4.539905e-01
-5.346039e-02,2.723943e-02,7.777778e-02,1.000000e+00,4.539905e-01
-5.196152e-02,3.000000e-02,7.777778e-02,1.000000e+00,5.000000e-01
-5.346039e-02,2.723943e-02,7.222222e-02,1.000000e+00,4.539905e-01
-5.346039e-02,2.723943e-02,8.333333e-02,1.000000e+00,4.539905e-01
-5.346039e-02,2.723943e-02,1.000000e-01,1.000000e+00,4.539905e-01
-5.196152e-02,3.000000e-02,1.000000e-01,1.000000e+00,5.000000e-01
-5.346039e-02,2.723943e-02,9.444444e-02,1.000000e+00,4.539905e-01
-5.346039e-02,2.723943e-02,1.055556e-01,1.000000e+00,4.539905e-01
-5.346039e-02,2.723943e-02,1.222222e-01,1.000000e+00,4.539905e-01
-5.196152e-02,3.000000e-02,1.222222e-01,1.000000e+00,5.000000e-01
-5.346039e-02,2.723943e-02,1.166667e-01,1.000000e+00,4.539905e-01
-5.346039e-02,2.723943e-02,1.277778e-01,1.000000e+00,4.539905e-01
-5.346039e-02,2.723943e-02,1.444444e-01,1.000000e+00,4.539905e-01
-5.196152e-02,3.000000e-02,1.444444e-01,1.000000e+00,5.000000e-01
-5.346039e-02,2.723943e-02,1.388889e-01,1.000000e+00,4.539905e-01
-5.346039e-02,2.723943e-02,1.500000e-01,1.000000e+00,4.539905e-01
-5.346039e-02,2.723943e-02,1.611111e-01,1.000000e+00,4.539905e-01
-5.346039e-02,2.723943e-02,1.888889e-01,1.000000e+00,4.539905e-01
-5.346039e-02,2.723943e-02,1.833333e-01,1.000000e+00,4.539905e-01
-5.196152e-02,3.000000e-02,1.888889e-01,1.000000e+00,5.000000e-01
-5.706339e-02,1.854102e-02,2.000000e-01,1.000000e+00,3.090170e-01
-5.601483e-02,2.150208e-02,2.000000e-01,1.000000e+00,3.583679e-01
-5.601483e-02,2.150208e-02,1.944444e-01,1.000000e+00,3.583679e-01
-5.655849e-02,2.002841e-02,2.000000e-01,1.000000e+00,3.338069e-01
-5.655849e-02,2.002841e-02,1.972222e-01,1.000000e+00,3.338069e-01
-5.601483e-02,2.150208e-02,1.972222e-01,1.000000e+00,3.583679e-01
-5.795555e-02,1.552914e-02,2.222222e-02,1.000000e+00,2.588190e-01
-5.601483e-02,2.150208e-02,2.222222e-02,1.000000e+00,3.583679e-01
-5.601483e-02,2.150208e-02,3.333333e-02,1.000000e+00,3.583679e-01
-5.706339e-02,1.854102e-02,2.222222e-02,1.000000e+00,3.090170e-01
-5.601483e-02,2.150208e-02,2.777778e-02,1.000000e+00,3.583679e-01
-5.706339e-02,1.854102e-02,2.777778e-02,1.000000e+00,3.090170e-01
-5.795555e-02,1.552914e-02,1.111111e-02,1.000000e+00,2.588190e-01
-5.706339e-02,1.854102e-02,1.666667e-02,1.000000e+00,3.090170e-01
-5.795555e-02,1.552914e-02,1.666667e-02,1.000000e+00,2.588190e-01
-5.601483e-02,2.150208e-02,1.111111e-02,1.000000e+00,3.583679e-01
-5.706339e-02,1.854102e-02,1.111111e-02,1.000000e+00,3.090170e-01
-5.601483e-02,2.150208e-02,1.666667e-02,1.000000e+00,3.583679e-01
-5.601483e-02,2.150208e-02,4.444444e-02,1.000000e+00,3.583679e-01
-5.795555e-02,1.552914e-02,4.444444e-02,1.000000e+00,2.588190e-01
-5.601483e-02,2.150208e-02,3.888889e-02,1.000000e+00,3.583679e-01
-5.706339e-02,1.854102e-02,4.444444e-02,1.000000e+00,3.090170e-01
-5.706339e-02,1.854102e-02,3.888889e-02,1.000000e+00,3.090170e-01
-5.601483e-02,2.150208e-02,5.555556e-02,1.000000e+00,3.583679e-01
-5.601483e-02,2.150208e-02,5.000000e-02,1.000000e+00,3.583679e-01
-5.706339e-02,1.854102e-02,5.000000e-02,1.000000e+00,3.090170e-01
-5.601483e-02,2.150208e-02,6.666667e-02,1.000000e+00,3.583679e-01
-5.795555e-02,1.552914e-02,6.666667e-02,1.000000e+00,2.588190e-01
-5.706339e-02,1.854102e-02,6.666667e-02,1.000000e+00,3.090170e-01
-5.706339e-02,1.854102e-02,6.111111e-02,1.000000e+00,3.090170e-01
-5.601483e-02,2.150208e-02,6.111111e-02,1.000000e+00,3.583679e-01
-5.601483e-02,2.150208e-02,7.777778e-02,1.000000e+00,3.583679e-01
-5.601483e-02,2.150208e-02,7.222222e-02,1.000000e+00,3.583679e-01
-5.706339e-02,1.854102e-02,7.222222e-02,1.000000e+00,3.090170e-01
-5.601483e-02,2.150208e-02,8.888889e-02,1.000000e+00,3.583679e-01
-5.795555e-02,1.552914e-02,8.888889e-02,1.000000e+00,2.588190e-01
-5.706339e-02,1.854102e-02,8.888889e-02,1.000000e+00,3.090170e-01
-5.706339e-02,1.854102e-02,8.333333e-02,1.000000e+00,3.090170e-01
-5.601483e-02,2.150208e-02,8.333333e-02,1.000000e+00,3.583679e-01
-5.601483e-02,2.150208e-02,1.000000e-01,1.000000e+00,3.583679e-01
-5.601483e-02,2.150208e-02,9.444444e-02,1.000000e+00,3.583679e-01
-5.706339e-02,1.854102e-02,9.444444e-02,1.000000e+00,3.090170e-01
-5.601483e-02,2.150208e-02,1.111111e-01,1.000000e+00,3.583679e-01
-5.795555e-02,1.552914e-02,1.111111e-01,1.000000e+00,2.588190e-01
-5.706339e-02,1.854102e-02,1.111111e-01,1.000000e+00,3.090170e-01
-5.706339e-02,1.854102e-02,1.055556e-01,1.000000e+00,3.090170e-01
-5.601483e-02,2.150208e-02,1.055556e-01,1.000000e+00,3.583679e-01
-5.601483e-02,2.150208e-02,1.222222e-01,1.000000e+00,3.583679e-01
-5.601483e-02,2.150208e-02,1.166667e-01,1.000000e+00,3.583679e-01
-5.706339e-02,1.854102e-02,1.166667e-01,1.000000e+00,3.090170e-01
-5.601483e-02,2.150208e-02,1.333333e-01,1.000000e+00,3.583679e-01
-5.795555e-02,1.552914e-02,1.333333e-01,1.000000e+00,2.588190e-01
-5.601483e-02,2.150208e-02,1.277778e-01,1.000000e+00,3.583679e-01
-5.706339e-02,1.854102e-02,1.333333e-01,1.000000e+00,3.090170e-01
-5.706339e-02,1.854102e-02,1.277778e-01,1.000000e+00,3.090170e-01
-5.601483e-02,2.150208e-02,1.444444e-01,1.000000e+00,3.583679e-01
-5.601483e-02,2.150208e-02,1.388889e-01,1.000000e+00,3.583679e-01
-5.706339e-02,1.854102e-02,1.388889e-01,1.000000e+00,3.090170e-01
-5.601483e-02,2.150208e-02,1.555556e-01,1.000000e+00,3.583679e-01
-5.795555e-02,1.552914e-02,1.555556e-01,1.000000e+00,2.588190e-01
-5.706339e-02,1.854102e-02,1.555556e-01,1.000000e+00,3.090170e-01
-5.706339e-02,1.854102e-02,1.500000e-01,1.000000e+00,3.090170e-01
-5.601483e-02,2.150208e-02,1.500000e-01,1.000000e+00,3.583679e-01
-5.601483e-02,2.150208e-02,1.666667e-01,1.000000e+00,3.583679e-01
-5.601483e-02,2.150208e-02,1.611111e-01,1.000000e+00,3.583679e-01
-5.706339e-02,1.854102e-02,1.611111e-01,1.000000e+00,3.090170e-01
-5.601483e-02,2.150208e-02,1.777778e-01,1.000000e+00,3.583679e-01
-5.601483e-02,2.150208e-02,1.888889e-01,1.000000e+00,3.583679e-01
-5.795555e-02,1.552914e-02,1.777778e-01,1.000000e+00,2.588190e-01
-5.601483e-02,2.150208e-02,1.833333e-01,1.000000e+00,3.583679e-01
-5.706339e-02,1.854102e-02,1.833333e-01,1.000000e+00,3.090170e-01
-5.706339e-02,1.854102e-02,1.777778e-01,1.000000e+00,3.090170e-01
-5.795555e-02,1.552914e-02,1.666667e-01,1.000000e+00,2.588190e-01
-5.706339e-02,1.854102e-02,1.722222e-01,1.000000e+00,3.090170e-01
-5.795555e-02,1.552914e-02,1.722222e-01,1.000000e+00,2.588190e-01
-5.706339e-02,1.854102e-02,1.666667e-01,1.000000e+00,3.090170e-01
-5.601483e-02,2.150208e-02,1.722222e-01,1.000000e+00,3.583679e-01
-5.795555e-02,1.552914e-02,2.000000e-01,1.000000e+00,2.588190e-01
-5.795555e-02,1.552914e-02,1.944444e-01,1.000000e+00,2.588190e-01
-5.795555e-02,1.552914e-02,1.972222e-01,1.000000e+00,2.588190e-01
-5.752918e-02,1.704092e-02,1.972222e-01,1.000000e+00,2.840153e-01
-5.752918e-02,1.704092e-02,2.000000e-01,1.000000e+00,2.840153e-01
-5.706339e-02,1.854102e-02,1.944444e-01,1.000000e+00,3.090170e-01
-5.795555e-02,1.552914e-02,3.333333e-02,1.000000e+00,2.588190e-01
-5.795555e-02,1.552914e-02,2.777778e-02,1.000000e+00,2.588190e-01
-5.706339e-02,1.854102e-02,3.333333e-02,1.000000e+00,3.090170e-01
-5.795555e-02,1.552914e-02,3.888889e-02,1.000000e+00,2.588190e-01
-5.795555e-02,1.552914e-02,5.555556e-02,1.000000e+00,2.588190e-01
-5.706339e-02,1.854102e-02,5.555556e-02,1.000000e+00,3.090170e-01
-5.795555e-02,1.552914e-02,5.000000e-02,1.000000e+00,2.588190e-01
-5.795555e-02,1.552914e-02,6.111111e-02,1.000000e+00,2.588190e-01
-5.795555e-02,1.552914e-02,7.777778e-02,1.000000e+00,2.588190e-01
-5.706339e-02,1.854102e-02,7.777778e-02,1.000000e+00,3.090170e-01
-5.795555e-02,1.552914e-02,7.222222e-02,1.000000e+00,2.588190e-01
-5.795555e-02,1.552914e-02,8.333333e-02,1.000000e+00,2.588190e-01
-5.795555e-02,1.552914e-02,1.000000e-01,1.000000e+00,2.588190e-01
-5.706339e-02,1.854102e-02,1.000000e-01,1.000000e+00,3.090170e-01
-5.795555e-02,1.552914e-02,9.444444e-02,1.000000e+00,2.588190e-01
-5.795555e-02,1.552914e-02,1.055556e-01,1.000000e+00,2.588190e-01
-5.795555e-02,1.552914e-02,1.222222e-01,1.000000e+00,2.588190e-01
-5.706339e-02,1.854102e-02,1.222222e-01,1.000000e+00,3.090170e-01
-5.795555e-02,1.552914e-02,1.166667e-01,1.000000e+00,2.588190e-01
-5.795555e-02,1.552914e-02,1.277778e-01,1.000000e+00,2.588190e-01
-5.795555e-02,1.552914e-02,1.444444e-01,1.000000e+00,2.588190e-01
-5.706339e-02,1.854102e-02,1.444444e-01,1.000000e+00,3.090170e-01
-5.795555e-02,1.552914e-02,1.388889e-01,1.000000e+00,2.588190e-01
-5.795555e-02,1.552914e-02,1.500000e-01,1.000000e+00,2.588190e-01
-5.795555e-02,1.552914e-02,1.611111e-01,1.000000e+00,2.588190e-01
-5.795555e-02,1.552914e-02,1.888889e-01,1.000000e+00,2.588190e-01
-5.706339e-02,1.854102e-02,1.888889e-01,1.000000e+00,3.090170e-01
-5.795555e-02,1.552914e-02,1.833333e-01,1.000000e+00,2.588190e-01
-5.926130e-02,9.386068e-03,2.000000e-01,1.000000e+00,1.564345e-01
-5.926130e-02,9.386068e-03,1.944444e-01,1.000000e+00,1.564345e-01
-5.967131e-02,6.271708e-03,2.000000e-01,1.000000e+00,1.045285e-01
-5.926130e-02,9.386068e-03,1.972222e-01,1.000000e+00,1.564345e-01
-5.948669e-02,7.831572e-03,2.000000e-01,1.000000e+00,1.305262e-01
-5.948669e-02,7.831572e-03,1.972222e-01,1.000000e+00,1.305262e-01
-5.926130e-02,9.386068e-03,1.111111e-02,1.000000e+00,1.564345e-01
-5.926130e-02,9.386068e-03,2.222222e-02,1.000000e+00,1.564345e-01
-5.991777e-02,3.140157e-03,2.222222e-02,1.000000e+00,5.233596e-02
-5.926130e-02,9.386068e-03,1.666667e-02,1.000000e+00,1.564345e-01
-5.967131e-02,6.271708e-03,2.222222e-02,1.000000e+00,1.045285e-01
-5.967131e-02,6.271708e-03,1.666667e-02,1.000000e+00,1.045285e-01
-5.926130e-02,9.386068e-03,3.333333e-02,1.000000e+00,1.564345e-01
-5.926130e-02,9.386068e-03,2.777778e-02,1.000000e+00,1.564345e-01
-5.967131e-02,6.271708e-03,2.777778e-02,1.000000e+00,1.045285e-01
-5.926130e-02,9.386068e-03,4.444444e-02,1.000000e+00,1.564345e-01
-5.991777e-02,3.140157e-03,4.444444e-02,1.000000e+00,5.233596e-02
-5.926130e-02,9.386068e-03,3.888889e-02,1.000000e+00,1.564345e-01
-5.967131e-02,6.271708e-03,4.444444e-02,1.000000e+00,1.045285e-01
-5.967131e-02,6.271708e-03,3.888889e-02,1.000000e+00,1.045285e-01
-5.926130e-02,9.386068e-03,5.555556e-02,1.000000e+00,1.564345e-01
-5.926130e-02,9.386068e-03,5.000000e-02,1.000000e+00,1.564345e-01
-5.967131e-02,6.271708e-03,5.000000e-02,1.000000e+00,1.045285e-01
-5.926130e-02,9.386068e-03,6.666667e-02,1.000000e+00,1.564345e-01
-5.991777e-02,3.140157e-03,6.666667e-02,1.000000e+00,5.233596e-02
-5.926130e-02,9.386068e-03,6.111111e-02,1.000000e+00,1.564345e-01
-5.967131e-02,6.271708e-03,6.666667e-02,1.000000e+00,1.045285e-01
-5.967131e-02,6.271708e-03,6.111111e-02,1.000000e+00,1.045285e-01
-5.926130e-02,9.386068e-03,7.777778e-02,1.000000e+00,1.564345e-01
-5.926130e-02,9.386068e-03,7.222222e-02,1.000000e+00,1.564345e-01
-5.967131e-02,6.271708e-03,7.222222e-02,1.000000e+00,1.045285e-01
-5.926130e-02,9.386068e-03,8.888889e-02,1.000000e+00,1.564345e-01
-5.991777e-02,3.140157e-03,8.888889e-02,1.000000e+00,5.233596e-02
-5.967131e-02,6.271708e-03,8.888889e-02,1.000000e+00,1.045285e-01
-5.967131e-02,6.271708e-03,8.333333e-02,1.000000e+00,1.045285e-01
-5.926130e-02,9.386068e-03,8.333333e-02,1.000000e+00,1.564345e-01
-5.926130e-02,9.386068e-03,1.000000e-01,1.000000e+00,1.564345e-01
-5.926130e-02,9.386068e-03,9.444444e-02,1.000000e+00,1.564345e-01
-5.967131e-02,6.271708e-03,9.444444e-02,1.000000e+00,1.045285e-01
-5.926130e-02,9.386068e-03,1.111111e-01,1.000000e+00,1.564345e-01
-5.991777e-02,3.140157e-03,1.111111e-01,1.000000e+00,5.233596e-02
-5.967131e-02,6.271708e-03,1.111111e-01,1.000000e+00,1.045285e-01
-5.967131e-02,6.271708e-03,1.055556e-01,1.000000e+00,1.045285e-01
-5.926130e-02,9.386068e-03,1.055556e-01,1.000000e+00,1.564345e-01
-5.926130e-02,9.386068e-03,1.222222e-01,1.000000e+00,1.564345e-01
-5.926130e-02,9.386068e-03,1.166667e-01,1.000000e+00,1.564345e-01
-5.967131e-02,6.271708e-03,1.166667e-01,1.000000e+00,1.045285e-01
-5.926130e-02,9.386068e-03,1.333333e-01,1.000000e+00,1.564345e-01
-5.991777e-02,3.140157e-03,1.333333e-01,1.000000e+00,5.233596e-02
-5.926130e-02,9.386068e-03,1.277778e-01,1.000000e+00,1.564345e-01
-5.967131e-02,6.271708e-03,1.333333e-01,1.000000e+00,1.045285e-01
-5.967131e-02,6.271708e-03,1.277778e-01,1.000000e+00,1.045285e-01
-5.926130e-02,9.386068e-03,1.444444e-01,1.000000e+00,1.564345e-01
-5.926130e-02,9.386068e-03,1.388889e-01,1.000000e+00,1.564345e-01
-5.967131e-02,6.271708e-03,1.388889e-01,1.000000e+00,1.045285e-01
-5.926130e-02,9.386068e-03,1.555556e-01,1.000000e+00,1.564345e-01
-5.991777e-02,3.140157e-03,1.555556e-01,1.000000e+00,5.233596e-02
-5.926130e-02,9.386068e-03,1.500000e-01,1.000000e+00,1.564345e-01
-5.967131e-02,6.271708e-03,1.555556e-01,1.000000e+00,1.045285e-01
-5.967131e-02,6.271708e-03,1.500000e-01,1.000000e+00,1.045285e-01
-5.926130e-02,9.386068e-03,1.666667e-01,1.000000e+00,1.564345e-01
-5.926130e-02,9.386068e-03,1.611111e-01,1.000000e+00,1.564345e-01
-5.967131e-02,6.271708e-03,1.611111e-01,1.000000e+00,1.045285e-01
-5.926130e-02,9.386068e-03,1.777778e-01,1.000000e+00,1.564345e-01
-5.926130e-02,9.386068e-03,1.888889e-01,1.000000e+00,1.564345e-01
-5.991777e-02,3.140157e-03,1.777778e-01,1.000000e+00,5.233596e-02
-5.926130e-02,9.386068e-03,1.833333e-01,1.000000e+00,1.564345e-01
-5.967131e-02,6.271708e-03,1.833333e-01,1.000000e+00,1.045285e-01
-5.967131e-02,6.271708e-03,1.777778e-01,1.000000e+00,1.045285e-01
-5.991777e-02,3.140157e-03,1.666667e-01,1.000000e+00,5.233596e-02
-5.967131e-02,6.271708e-03,1.722222e-01,1.000000e+00,1.045285e-01
-5.991777e-02,3.140157e-03,1.722222e-01,1.000000e+00,5.233596e-02
-5.967131e-02,6.271708e-03,1.666667e-01,1.000000e+00,1.045285e-01
-5.926130e-02,9.386068e-03,1.722222e-01,1.000000e+00,1.564345e-01
-5.991777e-02,3.140157e-03,2.000000e-01,1.000000e+00,5.233596e-02
-5.991777e-02,3.140157e-03,1.944444e-01,1.000000e+00,5.233596e-02
-5.991777e-02,3.140157e-03,1.972222e-01,1.000000e+00,5.233596e-02
-5.981504e-02,4.707546e-03,1.972222e-01,1.000000e+00,7.845910e-02
-5.981504e-02,4.707546e-03,2.000000e-01,1.000000e+00,7.845910e-02
-5.967131e-02,6.271708e-03,1.944444e-01,1.000000e+00,1.045285e-01
-5.991777e-02,3.140157e-03,1.111111e-02,1.000000e+00,5.233596e-02
-5.991777e-02,3.140157e-03,1.666667e-02,1.000000e+00,5.233596e-02
-5.967131e-02,6.271708e-03,1.111111e-02,1.000000e+00,1.045285e-01
-5.991777e-02,3.140157e-03,3.333333e-02,1.000000e+00,5.233596e-02
-5.991777e-02,3.140157e-03,2.777778e-02,1.000000e+00,5.233596e-02
-5.967131e-02,6.271708e-03,3.333333e-02,1.000000e+00,1.045285e-01
-5.991777e-02,3.140157e-03,3.888889e-02,1.000000e+00,5.233596e-02
-5.991777e-02,3.140157e-03,5.555556e-02,1.000000e+00,5.233596e-02
-5.967131e-02,6.271708e-03,5.555556e-02,1.000000e+00,1.045285e-01
-5.991777e-02,3.140157e-03,5.000000e-02,1.000000e+00,5.233596e-02
-5.991777e-02,3.140157e-03,6.111111e-02,1.000000e+00,5.233596e-02
-5.991777e-02,3.140157e-03,7.777778e-02,1.000000e+00,5.233596e-02
-5.967131e-02,6.271708e-03,7.777778e-02,1.000000e+00,1.045285e-01
-5.991777e-02,3.140157e-03,7.222222e-02,1.000000e+00,5.233596e-02
-5.991777e-02,3.140157e-03,8.333333e-02,1.000000e+00,5.233596e-02
-5.991777e-02,3.140157e-03,1.000000e-01,1.000000e+00,5.233596e-02
-5.967131e-02,6.271708e-03,1.000000e-01,1.000000e+00,1.045285e-01
-5.991777e-02,3.140157e-03,9.444444e-02,1.000000e+00,5.233596e-02
-5.991777e-02,3.140157e-03,1.055556e-01,1.000000e+00,5.233596e-02
-5.991777e-02,3.140157e-03,1.222222e-01,1.000000e+00,5.233596e-02
-5.967131e-02,6.271708e-03,1.222222e-01,1.000000e+00,1.045285e-01
-5.991777e-02,3.140157e-03,1.166667e-01,1.000000e+00,5.233596e-02
-5.991777e-02,3.140157e-03,1.277778e-01,1.000000e+00,5.233596e-02
-5.991777e-02,3.140157e-03,1.444444e-01,1.000000e+00,5.233596e-02
-5.967131e-02,6.271708e-03,1.444444e-01,1.000000e+00,1.045285e-01
-5.991777e-02,3.140157e-03,1.388889e-01,1.000000e+00,5.233596e-02
-5.991777e-02,3.140157e-03,1.500000e-01,1.000000e+00,5.233596e-02
-5.991777e-02,3.140157e-03,1.611111e-01,1.000000e+00,5.233596e-02
-5.991777e-02,3.140157e-03,1.888889e-01,1.000000e+00,5.233596e-02
-5.991777e-02,3.140157e-03,1.833333e-01,1.000000e+00,5.233596e-02
-5.967131e-02,6.271708e-03,1.888889e-01,1.000000e+00,1.045285e-01
-5.967131e-02,-6.271708e-03,2.000000e-01,1.000000e+00,-1.045285e-01
-5.991777e-02,-3.140157e-03,2.000000e-01,1.000000e+00,-5.233596e-02
-5.991777e-02,-3.140157e-03,1.944444e-01,1.000000e+00,-5.233596e-02
-5.981504e-02,-4.707546e-03,2.000000e-01,1.000000e+00,-7.845910e-02
-5.981504e-02,-4.707546e-03,1.972222e-01,1.000000e+00,-7.845910e-02
-5.991777e-02,-3.140157e-03,1.972222e-01,1.000000e+00,-5.233596e-02
-5.991777e-02,-3.140157e-03,2.222222e-02,1.000000e+00,-5.233596e-02
-5.926130e-02,-9.386068e-03,2.222222e-02,1.000000e+00,-1.564345e-01
-5.991777e-02,-3.140157e-03,1.111111e-02,1.000000e+00,-5.233596e-02
-5.967131e-02,-6.271708e-03,2.222222e-02,1.000000e+00,-1.045285e-01
-5.967131e-02,-6.271708e-03,1.666667e-02,1.000000e+00,-1.045285e-01
-5.991777e-02,-3.140157e-03,1.666667e-02,1.000000e+00,-5.233596e-02
-5.991777e-02,-3.140157e-03,3.333333e-02,1.000000e+00,-5.233596e-02
-5.991777e-02,-3.140157e-03,2.777778e-02,1.000000e+00,-5.233596e-02
-5.967131e-02,-6.271708e-03,2.777778e-02,1.000000e+00,-1.045285e-01
-5.991777e-02,-3.140157e-03,4.444444e-02,1.000000e+00,-5.233596e-02
-5.926130e-02,-9.386068e-03,4.444444e-02,1.000000e+00,-1.564345e-01
-5.991777e-02,-3.140157e-03,3.888889e-02,1.000000e+00,-5.233596e-02
-5.967131e-02,-6.271708e-03,4.444444e-02,1.000000e+00,-1.045285e-01
-5.967131e-02,-6.271708e-03,3.888889e-02,1.000000e+00,-1.045285e-01
-5.991777e-02,-3.140157e-03,5.555556e-02,1.000000e+00,-5.233596e-02
-5.991777e-02,-3.140157e-03,5.000000e-02,1.000000e+00,-5.233596e-02
-5.967131e-02,-6.271708e-03,5.000000e-02,1.000000e+00,-1.045285e-01
-5.991777e-02,-3.140157e-03,6.666667e-02,1.000000e+00,-5.233596e-02
-5.926130e-02,-9.386068e-03,6.666667e-02,1.000000e+00,-1.564345e-01
-5.991777e-02,-3.140157e-03,6.111111e-02,1.000000e+00,-5.233596e-02
-5.967131e-02,-6.271708e-03,6.666667e-02,1.000000e+00,-1.045285e-01
-5.967131e-02,-6.271708e-03,6.111111e-02,1.000000e+00,-1.045285e-01
-5.991777e-02,-3.140157e-03,7.777778e-02,1.000000e+00,-5.233596e-02
-5.991777e-02,-3.140157e-03,7.222222e-02,1.000000e+00,-5.233596e-02
-5.967131e-02,-6.271708e-03,7.222222e-02,1.000000e+00,-1.045285e-01
-5.991777e-02,-3.140157e-03,8.888889e-02,1.000000e+00,-5.233596e-02
-5.926130e-02,-9.386068e-03,8.888889e-02,1.000000e+00,-1.564345e-01
-5.967131e-02,-6.271708e-03,8.888889e-02,1.000000e+00,-1.045285e-01
-5.967131e-02,-6.271708e-03,8.333333e-02,1.000000e+00,-1.045285e-01
-5.991777e-02,-3.140157e-03,8.333333e-02,1.000000e+00,-5.233596e-02
-5.991777e-02,-3.140157e-03,1.000000e-01,1.000000e+00,-5.233596e-02
-5.991777e-02,-3.140157e-03,9.444444e-02,1.000000e+00,-5.233596e-02
-5.967131e-02,-6.271708e-03,9.444444e-02,1.000000e+00,-1.045285e-01
-5.991777e-02,-3.140157e-03,1.111111e-01,1.000000e+00,-5.233596e-02
-5.926130e-02,-9.386068e-03,1.111111e-01,1.000000e+00,-1.564345e-01
-5.991777e-02,-3.140157e-03,1.055556e-01,1.000000e+00,-5.233596e-02
-5.967131e-02,-6.271708e-03,1.111111e-01,1.000000e+00,-1.045285e-01
-5.967131e-02,-6.271708e-03,1.055556e-01,1.000000e+00,-1.045285e-01
-5.991777e-02,-3.140157e-03,1.222222e-01,1.000000e+00,-5.233596e-02
-5.991777e-02,-3.140157e-03,1.166667e-01,1.000000e+00,-5.233596e-02
-5.967131e-02,-6.271708e-03,1.166667e-01,1.000000e+00,-1.045285e-01
-5.991777e-02,-3.140157e-03,1.333333e-01,1.000000e+00,-5.233596e-02
-5.926130e-02,-9.386068e-03,1.333333e-01,1.000000e+00,-1.564345e-01
-5.967131e-02,-6.271708e-03,1.333333e-01,1.000000e+00,-1.045285e-01
-5.967131e-02,-6.271708e-03,1.277778e-01,1.000000e+00,-1.045285e-01
-5.991777e-02,-3.140157e-03,1.277778e-01,1.000000e+00,-5.233596e-02
-5.991777e-02,-3.140157e-03,1.444444e-01,1.000000e+00,-5.233596e-02
-5.991777e-02,-3.140157e-03,1.388889e-01,1.000000e+00,-5.233596e-02
-5.967131e-02,-6.271708e-03,1.388889e-01,1.000000e+00,-1.045285e-01
-5.991777e-02,-3.140157e-03,1.555556e-01,1.000000e+00,-5.233596e-02
-5.926130e-02,-9.386068e-03,1.555556e-01,1.000000e+00,-1.564345e-01
-5.967131e-02,-6.271708e-03,1.555556e-01,1.000000e+00,-1.045285e-01
-5.967131e-02,-6.271708e-03,1.500000e-01,1.000000e+00,-1.045285e-01
-5.991777e-02,-3.140157e-03,1.500000e-01,1.000000e+00,-5.233596e-02
-5.991777e-02,-3.140157e-03,1.666667e-01,1.000000e+00,-5.233596e-02
-5.991777e-02,-3.140157e-03,1.611111e-01,1.000000e+00,-5.233596e-02
-5.967131e-02,-6.271708e-03,1.611111e-01,1.000000e+00,-1.045285e-01
-5.991777e-02,-3.140157e-03,1.777778e-01,1.000000e+00,-5.233596e-02
-5.991777e-02,-3.140157e-03,1.888889e-01,1.000000e+00,-5.233596e-02
-5.926130e-02,-9.386068e-03,1.777778e-01,1.000000e+00,-1.564345e-01
-5.991777e-02,-3.140157e-03,1.833333e-01,1.000000e+00,-5.233596e-02
-5.967131e-02,-6.271708e-03,1.833333e-01,1.000000e+00,-1.045285e-01
-5.967131e-02,-6.271708e-03,1.777778e-01,1.000000e+00,-1.045285e-01
-5.926130e-02,-9.386068e-03,1.666667e-01,1.000000e+00,-1.564345e-01
-5.926130e-02,-9.386068e-03,1.722222e-01,1.000000e+00,-1.564345e-01
-5.967131e-02,-6.271708e-03,1.722222e-01,1.000000e+00,-1.045285e-01
-5.991777e-02,-3.140157e-03,1.722222e-01,1.000000e+00,-5.233596e-02
-5.967131e-02,-6.271708e-03,1.666667e-01,1.000000e+00,-1.045285e-01
-5.926130e-02,-9.386068e-03,2.000000e-01,1.000000e+00,-1.564345e-01
-5.926130e-02,-9.386068e-03,1.944444e-01,1.000000e+00,-1.564345e-01
-5.926130e-02,-9.386068e-03,1.972222e-01,1.000000e+00,-1.564345e-01
-5.948669e-02,-7.831572e-03,1.972222e-01,1.000000e+00,-1.305262e-01
-5.948669e-02,-7.831572e-03,2.000000e-01,1.000000e+00,-1.305262e-01
-5.967131e-02,-6.271708e-03,1.944444e-01,1.000000e+00,-1.045285e-01
-5.926130e-02,-9.386068e-03,1.111111e-02,1.000000e+00,-1.564345e-01
-5.926130e-02,-9.386068e-03,1.666667e-02,1.000000e+00,-1.564345e-01
-5.967131e-02,-6.271708e-03,1.111111e-02,1.000000e+00,-1.045285e-01
-5.926130e-02,-9.386068e-03,3.333333e-02,1.000000e+00,-1.564345e-01
-5.926130e-02,-9.386068e-03,2.777778e-02,1.000000e+00,-1.564345e-01
-5.967131e-02,-6.271708e-03,3.333333e-02,1.000000e+00,-1.045285e-01
-5.926130e-02,-9.386068e-03,3.888889e-02,1.000000e+00,-1.564345e-01
-5.926130e-02,-9.386068e-03,5.555556e-02,1.000000e+00,-1.564345e-01
-5.967131e-02,-6.271708e-03,5.555556e-02,1.000000e+00,-1.045285e-01
-5.926130e-02,-9.386068e-03,5.000000e-02,1.000000e+00,-1.564345e-01
-5.926130e-02,-9.386068e-03,6.111111e-02,1.000000e+00,-1.564345e-01
-5.926130e-02,-9.386068e-03,7.777778e-02,1.000000e+00,-1.564345e-01
-5.967131e-02,-6.271708e-03,7.777778e-02,1.000000e+00,-1.045285e-01
-5.926130e-02,-9.386068e-03,7.222222e-02,1.000000e+00,-1.564345e-01
-5.926130e-02,-9.386068e-03,8.333333e-02,1.000000e+00,-1.564345e-01
-5.926130e-02,-9.386068e-03,1.000000e-01,1.000000e+00,-1.564345e-01
-5.926130e-02,-9.386068e-03,9.444444e-02,1.000000e+00,-1.564345e-01
-5.967131e-02,-6.271708e-03,1.000000e-01,1.000000e+00,-1.045285e-01
-5.926130e-02,-9.386068e-03,1.055556e-01,1.000000e+00,-1.564345e-01
-5.926130e-02,-9.386068e-03,1.222222e-01,1.000000e+00,-1.564345e-01
-5.967131e-02,-6.271708e-03,1.222222e-01,1.000000e+00,-1.045285e-01
-5.926130e-02,-9.386068e-03,1.166667e-01,1.000000e+00,-1.564345e-01
-5.926130e-02,-9.386068e-03,1.277778e-01,1.000000e+00,-1.564345e-01
-5.926130e-02,-9.386068e-03,1.444444e-01,1.000000e+00,-1.564345e-01
-5.926130e-02,-9.386068e-03,1.388889e-01,1.000000e+00,-1.564345e-01
-5.967131e-02,-6.271708e-03,1.444444e-01,1.000000e+00,-1.045285e-01
-5.926130e-02,-9.386068e-03,1.500000e-01,1.000000e+00,-1.564345e-01
-5.926130e-02,-9.386068e-03,1.611111e-01,1.000000e+00,-1.564345e-01
-5.926130e-02,-9.386068e-03,1.888889e-01,1.000000e+00,-1.564345e-01
-5.967131e-02,-6.271708e-03,1.888889e-01,1.000000e+00,-1.045285e-01
-5.926130e-02,-9.386068e-03,1.833333e-01,1.000000e+00,-1.564345e-01
-5.795555e-02,-1.552914e-02,2.000000e-01,1.000000e+00,-2.588190e-01
-5.795555e-02,-1.552914e-02,1.944444e-01,1.000000e+00,-2.588190e-01
-5.706339e-02,-1.854102e-02,2.000000e-01,1.000000e+00,-3.090170e-01
-5.795555e-02,-1.552914e-02,1.972222e-01,1.000000e+00,-2.588190e-01
-5.752918e-02,-1.704092e-02,2.000000e-01,1.000000e+00,-2.840153e-01
-5.752918e-02,-1.704092e-02,1.972222e-01,1.000000e+00,-2.840153e-01
-5.795555e-02,-1.552914e-02,1.111111e-02,1.000000e+00,-2.588190e-01
-5.795555e-02,-1.552914e-02,2.222222e-02,1.000000e+00,-2.588190e-01
-5.601483e-02,-2.150208e-02,2.222222e-02,1.000000e+00,-3.583679e-01
-5.795555e-02,-1.552914e-02,1.666667e-02,1.000000e+00,-2.588190e-01
-5.706339e-02,-1.854102e-02,2.222222e-02,1.000000e+00,-3.090170e-01
-5.706339e-02,-1.854102e-02,1.666667e-02,1.000000e+00,-3.090170e-01
-5.795555e-02,-1.552914e-02,3.333333e-02,1.000000e+00,-2.588190e-01
-5.795555e-02,-1.552914e-02,2.777778e-02,1.000000e+00,-2.588190e-01
-5.706339e-02,-1.854102e-02,2.777778e-02,1.000000e+00,-3.090170e-01
-5.795555e-02,-1.552914e-02,4.444444e-02,1.000000e+00,-2.588190e-01
-5.601483e-02,-2.150208e-02,4.444444e-02,1.000000e+00,-3.583679e-01
-5.795555e-02,-1.552914e-02,3.888889e-02,1.000000e+00,-2.588190e-01
-5.706339e-02,-1.854102e-02,4.444444e-02,1.000000e+00,-3.090170e-01
-5.706339e-02,-1.854102e-02,3.888889e-02,1.000000e+00,-3.090170e-01
-5.795555e-02,-1.552914e-02,5.555556e-02,1.000000e+00,-2.588190e-01
-5.795555e-02,-1.552914e-02,5.000000e-02,1.000000e+00,-2.588190e-01
-5.706339e-02,-1.854102e-02,5.000000e-02,1.000000e+00,-3.090170e-01
-5.601483e-02,-2.150208e-02,6.666667e-02,1.000000e+00,-3.583679e-01
-5.795555e-02,-1.552914e-02,6.666667e-02,1.000000e+00,-2.588190e-01
-5.795555e-02,-1.552914e-02,7.777778e-02,1.000000e+00,-2.588190e-01
-5.706339e-02,-1.854102e-02,6.666667e-02,1.000000e+00,-3.090170e-01
-5.795555e-02,-1.552914e-02,7.222222e-02,1.000000e+00,-2.588190e-01
-5.706339e-02,-1.854102e-02,7.222222e-02,1.000000e+00,-3.090170e-01
-5.601483e-02,-2.150208e-02,5.555556e-02,1.000000e+00,-3.583679e-01
-5.706339e-02,-1.854102e-02,6.111111e-02,1.000000e+00,-3.090170e-01
-5.601483e-02,-2.150208e-02,6.111111e-02,1.000000e+00,-3.583679e-01
-5.795555e-02,-1.552914e-02,6.111111e-02,1.000000e+00,-2.588190e-01
-5.706339e-02,-1.854102e-02,5.555556e-02,1.000000e+00,-3.090170e-01
-5.795555e-02,-1.552914e-02,8.888889e-02,1.000000e+00,-2.588190e-01
-5.601483e-02,-2.150208e-02,8.888889e-02,1.000000e+00,-3.583679e-01
-5.706339e-02,-1.854102e-02,8.888889e-02,1.000000e+00,-3.090170e-01
-5.706339e-02,-1.854102e-02,8.333333e-02,1.000000e+00,-3.090170e-01
-5.795555e-02,-1.552914e-02,8.333333e-02,1.000000e+00,-2.588190e-01
-5.601483e-02,-2.150208e-02,1.000000e-01,1.000000e+00,-3.583679e-01
-5.706339e-02,-1.854102e-02,9.444444e-02,1.000000e+00,-3.090170e-01
-5.601483e-02,-2.150208e-02,9.444444e-02,1.000000e+00,-3.583679e-01
-5.795555e-02,-1.552914e-02,1.000000e-01,1.000000e+00,-2.588190e-01
-5.795555e-02,-1.552914e-02,9.444444e-02,1.000000e+00,-2.588190e-01
-5.706339e-02,-1.854102e-02,1.000000e-01,1.000000e+00,-3.090170e-01
-5.795555e-02,-1.552914e-02,1.111111e-01,1.000000e+00,-2.588190e-01
-5.601483e-02,-2.150208e-02,1.111111e-01,1.000000e+00,-3.583679e-01
-5.706339e-02,-1.854102e-02,1.111111e-01,1.000000e+00,-3.090170e-01
-5.706339e-02,-1.854102e-02,1.055556e-01,1.000000e+00,-3.090170e-01
-5.795555e-02,-1.552914e-02,1.055556e-01,1.000000e+00,-2.588190e-01
-5.795555e-02,-1.552914e-02,1.222222e-01,1.000000e+00,-2.588190e-01
-5.795555e-02,-1.552914e-02,1.166667e-01,1.000000e+00,-2.588190e-01
-5.706339e-02,-1.854102e-02,1.166667e-01,1.000000e+00,-3.090170e-01
-5.795555e-02,-1.552914e-02,1.333333e-01,1.000000e+00,-2.588190e-01
-5.601483e-02,-2.150208e-02,1.333333e-01,1.000000e+00,-3.583679e-01
-5.706339e-02,-1.854102e-02,1.333333e-01,1.000000e+00,-3.090170e-01
-5.706339e-02,-1.854102e-02,1.277778e-01,1.000000e+00,-3.090170e-01
-5.795555e-02,-1.552914e-02,1.277778e-01,1.000000e+00,-2.588190e-01
-5.795555e-02,-1.552914e-02,1.444444e-01,1.000000e+00,-2.588190e-01
-5.795555e-02,-1.552914e-02,1.388889e-01,1.000000e+00,-2.588190e-01
-5.706339e-02,-1.854102e-02,1.388889e-01,1.000000e+00,-3.090170e-01
-5.795555e-02,-1.552914e-02,1.555556e-01,1.000000e+00,-2.588190e-01
-5.601483e-02,-2.150208e-02,1.555556e-01,1.000000e+00,-3.583679e-01
-5.706339e-02,-1.854102e-02,1.555556e-01,1.000000e+00,-3.090170e-01
-5.706339e-02,-1.854102e-02,1.500000e-01,1.000000e+00,-3.090170e-01
-5.795555e-02,-1.552914e-02,1.500000e-01,1.000000e+00,-2.588190e-01
-5.795555e-02,-1.552914e-02,1.666667e-01,1.000000e+00,-2.588190e-01
-5.795555e-02,-1.552914e-02,1.611111e-01,1.000000e+00,-2.588190e-01
-5.706339e-02,-1.854102e-02,1.611111e-01,1.000000e+00,-3.090170e-01
-5.795555e-02,-1.552914e-02,1.777778e-01,1.000000e+00,-2.588190e-01
-5.601483e-02,-2.150208e-02,1.777778e-01,1.000000e+00,-3.583679e-01
-5.795555e-02,-1.552914e-02,1.722222e-01,1.000000e+00,-2.588190e-01
-5.706339e-02,-1.854102e-02,1.777778e-01,1.000000e+00,-3.090170e-01
-5.706339e-02,-1.854102e-02,1.722222e-01,1.000000e+00,-3.090170e-01
-5.601483e-02,-2.150208e-02,1.888889e-01,1.000000e+00,-3.583679e-01
-5.706339e-02,-1.854102e-02,1.833333e-01,1.000000e+00,-3.090170e-01
-5.601483e-02,-2.150208e-02,1.833333e-01,1.000000e+00,-3.583679e-01
-5.795555e-02,-1.552914e-02,1.888889e-01,1.000000e+00,-2.588190e-01
-5.795555e-02,-1.552914e-02,1.833333e-01,1.000000e+00,-2.588190e-01
-5.706339e-02,-1.854102e-02,1.888889e-01,1.000000e+00,-3.090170e-01
-5.601483e-02,-2.150208e-02,2.000000e-01,1.000000e+00,-3.583679e-01
-5.601483e-02,-2.150208e-02,1.944444e-01,1.000000e+00,-3.583679e-01
-5.601483e-02,-2.150208e-02,1.972222e-01,1.000000e+00,-3.583679e-01
-5.655849e-02,-2.002841e-02,1.972222e-01,1.000000e+00,-3.338069e-01
-5.655849e-02,-2.002841e-02,2.000000e-01,1.000000e+00,-3.338069e-01
-5.706339e-02,-1.854102e-02,1.944444e-01,1.000000e+00,-3.090170e-01
-5.601483e-02,-2.150208e-02,1.111111e-02,1.000000e+00,-3.583679e-01
-5.601483e-02,-2.150208e-02,1.666667e-02,1.000000e+00,-3.583679e-01
-5.706339e-02,-1.854102e-02,1.111111e-02,1.000000e+00,-3.090170e-01
-5.601483e-02,-2.150208e-02,3.333333e-02,1.000000e+00,-3.583679e-01
-5.601483e-02,-2.150208e-02,2.777778e-02,1.000000e+00,-3.583679e-01
-5.706339e-02,-1.854102e-02,3.333333e-02,1.000000e+00,-3.090170e-01
-5.601483e-02,-2.150208e-02,3.888889e-02,1.000000e+00,-3.583679e-01
-5.601483e-02,-2.150208e-02,5.000000e-02,1.000000e+00,-3.583679e-01
-5.601483e-02,-2.150208e-02,7.777778e-02,1.000000e+00,-3.583679e-01
-5.706339e-02,-1.854102e-02,7.777778e-02,1.000000e+00,-3.090170e-01
-5.601483e-02,-2.150208e-02,7.222222e-02,1.000000e+00,-3.583679e-01
-5.601483e-02,-2.150208e-02,8.333333e-02,1.000000e+00,-3.583679e-01
-5.601483e-02,-2.150208e-02,1.055556e-01,1.000000e+00,-3.583679e-01
-5.601483e-02,-2.150208e-02,1.222222e-01,1.000000e+00,-3.583679e-01
-5.601483e-02,-2.150208e-02,1.166667e-01,1.000000e+00,-3.583679e-01
-5.706339e-02,-1.854102e-02,1.222222e-01,1.000000e+00,-3.090170e-01
-5.601483e-02,-2.150208e-02,1.277778e-01,1.000000e+00,-3.583679e-01
-5.601483e-02,-2.150208e-02,1.444444e-01,1.000000e+00,-3.583679e-01
-5.601483e-02,-2.150208e-02,1.388889e-01,1.000000e+00,-3.583679e-01
-5.706339e-02,-1.854102e-02,1.444444e-01,1.000000e+00,-3.090170e-01
-5.601483e-02,-2.150208e-02,1.500000e-01,1.000000e+00,-3.583679e-01
-5.601483e-02,-2.150208e-02,1.666667e-01,1.000000e+00,-3.583679e-01
-5.601483e-02,-2.150208e-02,1.611111e-01,1.000000e+00,-3.583679e-01
-5.706339e-02,-1.854102e-02,1.666667e-01,1.000000e+00,-3.090170e-01
-5.601483e-02,-2.150208e-02,1.722222e-01,1.000000e+00,-3.583679e-01
-5.196152e-02,-3.000000e-02,2.000000e-01,1.000000e+00,-5.000000e-01
-5.346039e-02,-2.723943e-02,2.000000e-01,1.000000e+00,-4.539905e-01
-5.346039e-02,-2.723943e-02,1.944444e-01,1.000000e+00,-4.539905e-01
-5.272903e-02,-2.862953e-02,2.000000e-01,1.000000e+00,-4.771588e-01
-5.272903e-02,-2.862953e-02,1.972222e-01,1.000000e+00,-4.771588e-01
-5.346039e-02,-2.723943e-02,1.972222e-01,1.000000e+00,-4.539905e-01
-5.346039e-02,-2.723943e-02,1.111111e-02,1.000000e+00,-4.539905e-01
-5.346039e-02,-2.723943e-02,2.222222e-02,1.000000e+00,-4.539905e-01
-5.032023e-02,-3.267834e-02,2.222222e-02,1.000000e+00,-5.446390e-01
-5.346039e-02,-2.723943e-02,1.666667e-02,1.000000e+00,-4.539905e-01
-5.196152e-02,-3.000000e-02,2.222222e-02,1.000000e+00,-5.000000e-01
-5.196152e-02,-3.000000e-02,1.666667e-02,1.000000e+00,-5.000000e-01
-5.346039e-02,-2.723943e-02,3.333333e-02,1.000000e+00,-4.539905e-01
-5.346039e-02,-2.723943e-02,2.777778e-02,1.000000e+00,-4.539905e-01
-5.196152e-02,-3.000000e-02,2.777778e-02,1.000000e+00,-5.000000e-01
-5.346039e-02,-2.723943e-02,4.444444e-02,1.000000e+00,-4.539905e-01
-5.032023e-02,-3.267834e-02,4.444444e-02,1.000000e+00,-5.446390e-01
-5.346039e-02,-2.723943e-02,3.888889e-02,1.000000e+00,-4.539905e-01
-5.196152e-02,-3.000000e-02,4.444444e-02,1.000000e+00,-5.000000e-01
-5.196152e-02,-3.000000e-02,3.888889e-02,1.000000e+00,-5.000000e-01
-5.346039e-02,-2.723943e-02,5.555556e-02,1.000000e+00,-4.539905e-01
-5.346039e-02,-2.723943e-02,5.000000e-02,1.000000e+00,-4.539905e-01
-5.196152e-02,-3.000000e-02,5.000000e-02,1.000000e+00,-5.000000e-01
-5.346039e-02,-2.723943e-02,6.666667e-02,1.000000e+00,-4.539905e-01
-5.346039e-02,-2.723943e-02,7.777778e-02,1.000000e+00,-4.539905e-01
-5.032023e-02,-3.267834e-02,6.666667e-02,1.000000e+00,-5.446390e-01
-5.346039e-02,-2.723943e-02,7.222222e-02,1.000000e+00,-4.539905e-01
-5.196152e-02,-3.000000e-02,7.222222e-02,1.000000e+00,-5.000000e-01
-5.196152e-02,-3.000000e-02,6.666667e-02,1.000000e+00,-5.000000e-01
-5.032023e-02,-3.267834e-02,5.555556e-02,1.000000e+00,-5.446390e-01
-5.196152e-02,-3.000000e-02,6.111111e-02,1.000000e+00,-5.000000e-01
-5.032023e-02,-3.267834e-02,6.111111e-02,1.000000e+00,-5.446390e-01
-5.346039e-02,-2.723943e-02,6.111111e-02,1.000000e+00,-4.539905e-01
-5.196152e-02,-3.000000e-02,5.555556e-02,1.000000e+00,-5.000000e-01
-5.346039e-02,-2.723943e-02,8.888889e-02,1.000000e+00,-4.539905e-01
-5.032023e-02,-3.267834e-02,8.888889e-02,1.000000e+00,-5.446390e-01
-5.196152e-02,-3.000000e-02,8.888889e-02,1.000000e+00,-5.000000e-01
-5.196152e-02,-3.000000e-02,8.333333e-02,1.000000e+00,-5.000000e-01
-5.346039e-02,-2.723943e-02,8.333333e-02,1.000000e+00,-4.539905e-01
-5.032023e-02,-3.267834e-02,1.000000e-01,1.000000e+00,-5.446390e-01
-5.196152e-02,-3.000000e-02,9.444444e-02,1.000000e+00,-5.000000e-01
-5.032023e-02,-3.267834e-02,9.444444e-02,1.000000e+00,-5.446390e-01
-5.346039e-02,-2.723943e-02,1.000000e-01,1.000000e+00,-4.539905e-01
-5.346039e-02,-2.723943e-02,9.444444e-02,1.000000e+00,-4.539905e-01
-5.196152e-02,-3.000000e-02,1.000000e-01,1.000000e+00,-5.000000e-01
-5.346039e-02,-2.723943e-02,1.111111e-01,1.000000e+00,-4.539905e-01
-5.032023e-02,-3.267834e-02,1.111111e-01,1.000000e+00,-5.446390e-01
-5.196152e-02,-3.000000e-02,1.111111e-01,1.000000e+00,-5.000000e-01
-5.196152e-02,-3.000000e-02,1.055556e-01,1.000000e+00,-5.000000e-01
-5.346039e-02,-2.723943e-02,1.055556e-01,1.000000e+00,-4.539905e-01
-5.346039e-02,-2.723943e-02,1.222222e-01,1.000000e+00,-4.539905e-01
-5.346039e-02,-2.723943e-02,1.166667e-01,1.000000e+00,-4.539905e-01
-5.196152e-02,-3.000000e-02,1.166667e-01,1.000000e+00,-5.000000e-01
-5.346039e-02,-2.723943e-02,1.333333e-01,1.000000e+00,-4.539905e-01
-5.032023e-02,-3.267834e-02,1.333333e-01,1.000000e+00,-5.446390e-01
-5.196152e-02,-3.000000e-02,1.333333e-01,1.000000e+00,-5.000000e-01
-5.196152e-02,-3.000000e-02,1.277778e-01,1.000000e+00,-5.000000e-01
-5.346039e-02,-2.723943e-02,1.277778e-01,1.000000e+00,-4.539905e-01
-5.346039e-02,-2.723943e-02,1.444444e-01,1.000000e+00,-4.539905e-01
-5.346039e-02,-2.723943e-02,1.388889e-01,1.000000e+00,-4.539905e-01
-5.196152e-02,-3.000000e-02,1.388889e-01,1.000000e+00,-5.000000e-01
-5.346039e-02,-2.723943e-02,1.555556e-01,1.000000e+00,-4.539905e-01
-5.032023e-02,-3.267834e-02,1.555556e-01,1.000000e+00,-5.446390e-01
-5.196152e-02,-3.000000e-02,1.555556e-01,1.000000e+00,-5.000000e-01
-5.196152e-02,-3.000000e-02,1.500000e-01,1.000000e+00,-5.000000e-01
-5.346039e-02,-2.723943e-02,1.500000e-01,1.000000e+00,-4.539905e-01
-5.346039e-02,-2.723943e-02,1.666667e-01,1.000000e+00,-4.539905e-01
-5.346039e-02,-2.723943e-02,1.611111e-01,1.000000e+00,-4.539905e-01
-5.196152e-02,-3.000000e-02,1.611111e-01,1.000000e+00,-5.000000e-01
-5.346039e-02,-2.723943e-02,1.777778e-01,1.000000e+00,-4.539905e-01
-5.032023e-02,-3.267834e-02,1.777778e-01,1.000000e+00,-5.446390e-01
-5.346039e-02,-2.723943e-02,1.722222e-01,1.000000e+00,-4.539905e-01
-5.196152e-02,-3.000000e-02,1.777778e-01,1.000000e+00,-5.000000e-01
-5.196152e-02,-3.000000e-02,1.722222e-01,1.000000e+00,-5.000000e-01
-5.032023e-02,-3.267834e-02,1.888889e-01,1.000000e+00,-5.446390e-01
-5.196152e-02,-3.000000e-02,1.833333e-01,1.000000e+00,-5.000000e-01
-5.032023e-02,-3.267834e-02,1.833333e-01,1.000000e+00,-5.446390e-01
-5.346039e-02,-2.723943e-02,1.888889e-01,1.000000e+00,-4.539905e-01
-5.346039e-02,-2.723943e-02,1.833333e-01,1.000000e+00,-4.539905e-01
-5.196152e-02,-3.000000e-02,1.888889e-01,1.000000e+00,-5.000000e-01
-5.032023e-02,-3.267834e-02,2.000000e-01,1.000000e+00,-5.446390e-01
-5.032023e-02,-3.267834e-02,1.944444e-01,1.000000e+00,-5.446390e-01
-5.115841e-02,-3.134991e-02,2.000000e-01,1.000000e+00,-5.224986e-01
-5.032023e-02,-3.267834e-02,1.972222e-01,1.000000e+00,-5.446390e-01
-5.115841e-02,-3.134991e-02,1.972222e-01,1.000000e+00,-5.224986e-01
-5.196152e-02,-3.000000e-02,1.944444e-01,1.000000e+00,-5.000000e-01
-5.032023e-02,-3.267834e-02,1.111111e-02,1.000000e+00,-5.446390e-01
-5.032023e-02,-3.267834e-02,1.666667e-02,1.000000e+00,-5.446390e-01
-5.196152e-02,-3.000000e-02,1.111111e-02,1.000000e+00,-5.000000e-01
-5.032023e-02,-3.267834e-02,3.333333e-02,1.000000e+00,-5.446390e-01
-5.032023e-02,-3.267834e-02,2.777778e-02,1.000000e+00,-5.446390e-01
-5.196152e-02,-3.000000e-02,3.333333e-02,1.000000e+00,-5.000000e-01
-5.032023e-02,-3.267834e-02,3.888889e-02,1.000000e+00,-5.446390e-01
-5.032023e-02,-3.267834e-02,5.000000e-02,1.000000e+00,-5.446390e-01
-5.032023e-02,-3.267834e-02,7.777778e-02,1.000000e+00,-5.446390e-01
-5.196152e-02,-3.000000e-02,7.777778e-02,1.000000e+00,-5.000000e-01
-5.032023e-02,-3.267834e-02,7.222222e-02,1.000000e+00,-5.446390e-01
-5.032023e-02,-3.267834e-02,8.333333e-02,1.000000e+00,-5.446390e-01
-5.032023e-02,-3.267834e-02,1.055556e-01,1.000000e+00,-5.446390e-01
-5.032023e-02,-3.267834e-02,1.222222e-01,1.000000e+00,-5.446390e-01
-5.032023e-02,-3.267834e-02,1.166667e-01,1.000000e+00,-5.446390e-01
-5.196152e-02,-3.000000e-02,1.222222e-01,1.000000e+00,-5.000000e-01
-5.032023e-02,-3.267834e-02,1.277778e-01,1.000000e+00,-5.446390e-01
-5.032023e-02,-3.267834e-02,1.444444e-01,1.000000e+00,-5.446390e-01
-5.032023e-02,-3.267834e-02,1.388889e-01,1.000000e+00,-5.446390e-01
-5.196152e-02,-3.000000e-02,1.444444e-01,1.000000e+00,-5.000000e-01
-5.032023e-02,-3.267834e-02,1.500000e-01,1.000000e+00,-5.446390e-01
-5.032023e-02,-3.267834e-02,1.666667e-01,1.000000e+00,-5.446390e-01
-5.032023e-02,-3.267834e-02,1.611111e-01,1.000000e+00,-5.446390e-01
-5.196152e-02,-3.000000e-02,1.666667e-01,1.000000e+00,-5.000000e-01
-5.032023e-02,-3.267834e-02,1.722222e-01,1.000000e+00,-5.446390e-01
-4.662876e-02,-3.775922e-02,2.000000e-01,1.000000e+00,-6.293204e-01
-4.458869e-02,-4.014784e-02,2.000000e-01,1.000000e+00,-6.691306e-01
-4.662876e-02,-3.775922e-02,1.944444e-01,1.000000e+00,-6.293204e-01
-4.562436e-02,-3.896688e-02,2.000000e-01,1.000000e+00,-6.494480e-01
-4.562436e-02,-3.896688e-02,1.972222e-01,1.000000e+00,-6.494480e-01
-4.662876e-02,-3.775922e-02,1.972222e-01,1.000000e+00,-6.293204e-01
-4.662876e-02,-3.775922e-02,2.222222e-02,1.000000e+00,-6.293204e-01
-4.242641e-02,-4.242641e-02,2.222222e-02,1.000000e+00,-7.071068e-01
-4.662876e-02,-3.775922e-02,1.111111e-02,1.000000e+00,-6.293204e-01
-4.458869e-02,-4.014784e-02,2.222222e-02,1.000000e+00,-6.691306e-01
-4.458869e-02,-4.014784e-02,1.666667e-02,1.000000e+00,-6.691306e-01
-4.662876e-02,-3.775922e-02,1.666667e-02,1.000000e+00,-6.293204e-01
-4.242641e-02,-4.242641e-02,3.333333e-02,1.000000e+00,-7.071068e-01
-4.458869e-02,-4.014784e-02,2.777778e-02,1.000000e+00,-6.691306e-01
-4.242641e-02,-4.242641e-02,2.777778e-02,1.000000e+00,-7.071068e-01
-4.662876e-02,-3.775922e-02,3.333333e-02,1.000000e+00,-6.293204e-01
-4.662876e-02,-3.775922e-02,2.777778e-02,1.000000e+00,-6.293204e-01
-4.458869e-02,-4.014784e-02,3.333333e-02,1.000000e+00,-6.691306e-01
-4.662876e-02,-3.775922e-02,4.444444e-02,1.000000e+00,-6.293204e-01
-4.242641e-02,-4.242641e-02,4.444444e-02,1.000000e+00,-7.071068e-01
-4.662876e-02,-3.775922e-02,3.888889e-02,1.000000e+00,-6.293204e-01
-4.458869e-02,-4.014784e-02,4.444444e-02,1.000000e+00,-6.691306e-01
-4.458869e-02,-4.014784e-02,3.888889e-02,1.000000e+00,-6.691306e-01
-4.242641e-02,-4.242641e-02,5.555556e-02,1.000000e+00,-7.071068e-01
-4.458869e-02,-4.014784e-02,5.000000e-02,1.000000e+00,-6.691306e-01
-4.242641e-02,-4.242641e-02,5.000000e-02,1.000000e+00,-7.071068e-01
-4.662876e-02,-3.775922e-02,5.555556e-02,1.000000e+00,-6.293204e-01
-4.662876e-02,-3.775922e-02,5.000000e-02,1.000000e+00,-6.293204e-01
-4.458869e-02,-4.014784e-02,5.555556e-02,1.000000e+00,-6.691306e-01
-4.662876e-02,-3.775922e-02,6.666667e-02,1.000000e+00,-6.293204e-01
-4.242641e-02,-4.242641e-02,6.666667e-02,1.000000e+00,-7.071068e-01
-4.458869e-02,-4.014784e-02,6.666667e-02,1.000000e+00,-6.691306e-01
-4.458869e-02,-4.014784e-02,6.111111e-02,1.000000e+00,-6.691306e-01
-4.662876e-02,-3.775922e-02,6.111111e-02,1.000000e+00,-6.293204e-01
-4.662876e-02,-3.775922e-02,7.777778e-02,1.000000e+00,-6.293204e-01
-4.662876e-02,-3.775922e-02,7.222222e-02,1.000000e+00,-6.293204e-01
-4.458869e-02,-4.014784e-02,7.222222e-02,1.000000e+00,-6.691306e-01
-4.662876e-02,-3.775922e-02,8.888889e-02,1.000000e+00,-6.293204e-01
-4.242641e-02,-4.242641e-02,8.888889e-02,1.000000e+00,-7.071068e-01
-4.662876e-02,-3.775922e-02,8.333333e-02,1.000000e+00,-6.293204e-01
-4.458869e-02,-4.014784e-02,8.888889e-02,1.000000e+00,-6.691306e-01
-4.458869e-02,-4.014784e-02,8.333333e-02,1.000000e+00,-6.691306e-01
-4.242641e-02,-4.242641e-02,1.000000e-01,1.000000e+00,-7.071068e-01
-4.458869e-02,-4.014784e-02,9.444444e-02,1.000000e+00,-6.691306e-01
-4.242641e-02,-4.242641e-02,9.444444e-02,1.000000e+00,-7.071068e-01
-4.662876e-02,-3.775922e-02,1.000000e-01,1.000000e+00,-6.293204e-01
-4.662876e-02,-3.775922e-02,9.444444e-02,1.000000e+00,-6.293204e-01
-4.458869e-02,-4.014784e-02,1.000000e-01,1.000000e+00,-6.691306e-01
-4.662876e-02,-3.775922e-02,1.111111e-01,1.000000e+00,-6.293204e-01
-4.242641e-02,-4.242641e-02,1.111111e-01,1.000000e+00,-7.071068e-01
-4.458869e-02,-4.014784e-02,1.111111e-01,1.000000e+00,-6.691306e-01
-4.458869e-02,-4.014784e-02,1.055556e-01,1.000000e+00,-6.691306e-01
-4.662876e-02,-3.775922e-02,1.055556e-01,1.000000e+00,-6.293204e-01
-4.662876e-02,-3.775922e-02,1.222222e-01,1.000000e+00,-6.293204e-01
-4.662876e-02,-3.775922e-02,1.166667e-01,1.000000e+00,-6.293204e-01
-4.458869e-02,-4.014784e-02,1.166667e-01,1.000000e+00,-6.691306e-01
-4.662876e-02,-3.775922e-02,1.333333e-01,1.000000e+00,-6.293204e-01
-4.242641e-02,-4.242641e-02,1.333333e-01,1.000000e+00,-7.071068e-01
-4.458869e-02,-4.014784e-02,1.333333e-01,1.000000e+00,-6.691306e-01
-4.458869e-02,-4.014784e-02,1.277778e-01,1.000000e+00,-6.691306e-01
-4.662876e-02,-3.775922e-02,1.277778e-01,1.000000e+00,-6.293204e-01
-4.662876e-02,-3.775922e-02,1.444444e-01,1.000000e+00,-6.293204e-01
-4.662876e-02,-3.775922e-02,1.388889e-01,1.000000e+00,-6.293204e-01
-4.458869e-02,-4.014784e-02,1.388889e-01,1.000000e+00,-6.691306e-01
-4.662876e-02,-3.775922e-02,1.555556e-01,1.000000e+00,-6.293204e-01
-4.242641e-02,-4.242641e-02,1.555556e-01,1.000000e+00,-7.071068e-01
-4.458869e-02,-4.014784e-02,1.555556e-01,1.000000e+00,-6.691306e-01
-4.458869e-02,-4.014784e-02,1.500000e-01,1.000000e+00,-6.691306e-01
-4.662876e-02,-3.775922e-02,1.500000e-01,1.000000e+00,-6.293204e-01
-4.662876e-02,-3.775922e-02,1.666667e-01,1.000000e+00,-6.293204e-01
-4.662876e-02,-3.775922e-02,1.611111e-01,1.000000e+00,-6.293204e-01
-4.458869e-02,-4.014784e-02,1.611111e-01,1.000000e+00,-6.691306e-01
-4.662876e-02,-3.775922e-02,1.777778e-01,1.000000e+00,-6.293204e-01
-4.242641e-02,-4.242641e-02,1.777778e-01,1.000000e+00,-7.071068e-01
-4.458869e-02,-4.014784e-02,1.777778e-01,1.000000e+00,-6.691306e-01
-4.458869e-02,-4.014784e-02,1.722222e-01,1.000000e+00,-6.691306e-01
-4.662876e-02,-3.775922e-02,1.722222e-01,1.000000e+00,-6.293204e-01
-4.242641e-02,-4.242641e-02,1.888889e-01,1.000000e+00,-7.071068e-01
-4.458869e-02,-4.014784e-02,1.833333e-01,1.000000e+00,-6.691306e-01
-4.242641e-02,-4.242641e-02,1.833333e-01,1.000000e+00,-7.071068e-01
-4.662876e-02,-3.775922e-02,1.888889e-01,1.000000e+00,-6.293204e-01
-4.662876e-02,-3.775922e-02,1.833333e-01,1.000000e+00,-6.293204e-01
-4.458869e-02,-4.014784e-02,1.888889e-01,1.000000e+00,-6.691306e-01
-4.242641e-02,-4.242641e-02,2.000000e-01,1.000000e+00,-7.071068e-01
-4.242641e-02,-4.242641e-02,1.944444e-01,1.000000e+00,-7.071068e-01
-4.242641e-02,-4.242641e-02,1.972222e-01,1.000000e+00,-7.071068e-01
-4.352246e-02,-4.130127e-02,1.972222e-01,1.000000e+00,-6.883546e-01
-4.352246e-02,-4.130127e-02,2.000000e-01,1.000000e+00,-6.883546e-01
-4.458869e-02,-4.014784e-02,1.944444e-01,1.000000e+00,-6.691306e-01
-4.242641e-02,-4.242641e-02,1.111111e-02,1.000000e+00,-7.071068e-01
-4.242641e-02,-4.242641e-02,1.666667e-02,1.000000e+00,-7.071068e-01
-4.458869e-02,-4.014784e-02,1.111111e-02,1.000000e+00,-6.691306e-01
-4.242641e-02,-4.242641e-02,3.888889e-02,1.000000e+00,-7.071068e-01
-4.242641e-02,-4.242641e-02,6.111111e-02,1.000000e+00,-7.071068e-01
-4.242641e-02,-4.242641e-02,7.777778e-02,1.000000e+00,-7.071068e-01
-4.458869e-02,-4.014784e-02,7.777778e-02,1.000000e+00,-6.691306e-01
-4.242641e-02,-4.242641e-02,7.222222e-02,1.000000e+00,-7.071068e-01
-4.242641e-02,-4.242641e-02,8.333333e-02,1.000000e+00,-7.071068e-01
-4.242641e-02,-4.242641e-02,1.055556e-01,1.000000e+00,-7.071068e-01
-4.242641e-02,-4.242641e-02,1.222222e-01,1.000000e+00,-7.071068e-01
-4.458869e-02,-4.014784e-02,1.222222e-01,1.000000e+00,-6.691306e-01
-4.242641e-02,-4.242641e-02,1.166667e-01,1.000000e+00,-7.071068e-01
-4.242641e-02,-4.242641e-02,1.277778e-01,1.000000e+00,-7.071068e-01
-4.242641e-02,-4.242641e-02,1.444444e-01,1.000000e+00,-7.071068e-01
-4.458869e-02,-4.014784e-02,1.444444e-01,1.000000e+00,-6.691306e-01
-4.242641e-02,-4.242641e-02,1.388889e-01,1.000000e+00,-7.071068e-01
-4.242641e-02,-4.242641e-02,1.500000e-01,1.000000e+00,-7.071068e-01
-4.242641e-02,-4.242641e-02,1.666667e-01,1.000000e+00,-7.071068e-01
-4.458869e-02,-4.014784e-02,1.666667e-01,1.000000e+00,-6.691306e-01
-4.242641e-02,-4.242641e-02,1.611111e-01,1.000000e+00,-7.071068e-01
-4.242641e-02,-4.242641e-02,1.722222e-01,1.000000e+00,-7.071068e-01
-3.775922e-02,-4.662876e-02,2.000000e-01,1.000000e+00,-7.771460e-01
-3.775922e-02,-4.662876e-02,1.944444e-01,1.000000e+00,-7.771460e-01
-3.526712e-02,-4.854102e-02,2.000000e-01,1.000000e+00,-8.090170e-01
-3.775922e-02,-4.662876e-02,1.972222e-01,1.000000e+00,-7.771460e-01
-3.652569e-02,-4.760120e-02,2.000000e-01,1.000000e+00,-7.933533e-01
-3.652569e-02,-4.760120e-02,1.972222e-01,1.000000e+00,-7.933533e-01
-3.775922e-02,-4.662876e-02,1.111111e-02,1.000000e+00,-7.771460e-01
-3.775922e-02,-4.662876e-02,2.222222e-02,1.000000e+00,-7.771460e-01
-3.267834e-02,-5.032023e-02,2.222222e-02,1.000000e+00,-8.386706e-01
-3.775922e-02,-4.662876e-02,1.666667e-02,1.000000e+00,-7.771460e-01
-3.526712e-02,-4.854102e-02,2.222222e-02,1.000000e+00,-8.090170e-01
-3.526711e-02,-4.854102e-02,1.666667e-02,1.000000e+00,-8.090170e-01
-3.267834e-02,-5.032023e-02,3.333333e-02,1.000000e+00,-8.386706e-01
-3.526712e-02,-4.854102e-02,2.777778e-02,1.000000e+00,-8.090170e-01
-3.267834e-02,-5.032023e-02,2.777778e-02,1.000000e+00,-8.386706e-01
-3.775922e-02,-4.662876e-02,3.333333e-02,1.000000e+00,-7.771460e-01
-3.775922e-02,-4.662876e-02,2.777778e-02,1.000000e+00,-7.771460e-01
-3.526712e-02,-4.854102e-02,3.333333e-02,1.000000e+00,-8.090170e-01
-3.775922e-02,-4.662876e-02,4.444444e-02,1.000000e+00,-7.771460e-01
-3.267834e-02,-5.032023e-02,4.444444e-02,1.000000e+00,-8.386706e-01
-3.775922e-02,-4.662876e-02,3.888889e-02,1.000000e+00,-7.771460e-01
-3.526712e-02,-4.854102e-02,4.444444e-02,1.000000e+00,-8.090170e-01
-3.526712e-02,-4.854102e-02,3.888889e-02,1.000000e+00,-8.090170e-01
-3.267834e-02,-5.032023e-02,5.555556e-02,1.000000e+00,-8.386706e-01
-3.526712e-02,-4.854102e-02,5.000000e-02,1.000000e+00,-8.090170e-01
-3.267834e-02,-5.032023e-02,5.000000e-02,1.000000e+00,-8.386706e-01
-3.775922e-02,-4.662876e-02,5.555556e-02,1.000000e+00,-7.771460e-01
-3.775922e-02,-4.662876e-02,5.000000e-02,1.000000e+00,-7.771460e-01
-3.526712e-02,-4.854102e-02,5.555556e-02,1.000000e+00,-8.090170e-01
-3.775922e-02,-4.662876e-02,6.666667e-02,1.000000e+00,-7.771460e-01
-3.267834e-02,-5.032023e-02,6.666667e-02,1.000000e+00,-8.386706e-01
-3.775922e-02,-4.662876e-02,6.111111e-02,1.000000e+00,-7.771460e-01
-3.526712e-02,-4.854102e-02,6.666667e-02,1.000000e+00,-8.090170e-01
-3.526711e-02,-4.854102e-02,6.111111e-02,1.000000e+00,-8.090170e-01
-3.775922e-02,-4.662876e-02,7.777778e-02,1.000000e+00,-7.771460e-01
-3.775922e-02,-4.662876e-02,7.222222e-02,1.000000e+00,-7.771460e-01
-3.526711e-02,-4.854102e-02,7.222222e-02,1.000000e+00,-8.090170e-01
-3.775922e-02,-4.662876e-02,8.888889e-02,1.000000e+00,-7.771460e-01
-3.267834e-02,-5.032023e-02,8.888889e-02,1.000000e+00,-8.386706e-01
-3.775922e-02,-4.662876e-02,8.333333e-02,1.000000e+00,-7.771460e-01
-3.526712e-02,-4.854102e-02,8.888889e-02,1.000000e+00,-8.090170e-01
-3.526711e-02,-4.854102e-02,8.333333e-02,1.000000e+00,-8.090170e-01
-3.267834e-02,-5.032023e-02,1.000000e-01,1.000000e+00,-8.386706e-01
-3.526712e-02,-4.854102e-02,9.444444e-02,1.000000e+00,-8.090170e-01
-3.267834e-02,-5.032023e-02,9.444444e-02,1.000000e+00,-8.386706e-01
-3.775922e-02,-4.662876e-02,1.000000e-01,1.000000e+00,-7.771460e-01
-3.775922e-02,-4.662876e-02,9.444444e-02,1.000000e+00,-7.771460e-01
-3.526712e-02,-4.854102e-02,1.000000e-01,1.000000e+00,-8.090170e-01
-3.775922e-02,-4.662876e-02,1.111111e-01,1.000000e+00,-7.771460e-01
-3.267834e-02,-5.032023e-02,1.111111e-01,1.000000e+00,-8.386706e-01
-3.526712e-02,-4.854102e-02,1.111111e-01,1.000000e+00,-8.090170e-01
-3.526711e-02,-4.854102e-02,1.055556e-01,1.000000e+00,-8.090170e-01
-3.775922e-02,-4.662876e-02,1.055556e-01,1.000000e+00,-7.771460e-01
-3.775922e-02,-4.662876e-02,1.222222e-01,1.000000e+00,-7.771460e-01
-3.775922e-02,-4.662876e-02,1.166667e-01,1.000000e+00,-7.771460e-01
-3.526711e-02,-4.854102e-02,1.166667e-01,1.000000e+00,-8.090170e-01
-3.775922e-02,-4.662876e-02,1.333333e-01,1.000000e+00,-7.771460e-01
-3.267834e-02,-5.032023e-02,1.333333e-01,1.000000e+00,-8.386706e-01
-3.526712e-02,-4.854102e-02,1.333333e-01,1.000000e+00,-8.090170e-01
-3.526711e-02,-4.854102e-02,1.277778e-01,1.000000e+00,-8.090170e-01
-3.775922e-02,-4.662876e-02,1.277778e-01,1.000000e+00,-7.771460e-01
-3.775922e-02,-4.662876e-02,1.444444e-01,1.000000e+00,-7.771460e-01
-3.775922e-02,-4.662876e-02,1.388889e-01,1.000000e+00,-7.771460e-01
-3.526711e-02,-4.854102e-02,1.388889e-01,1.000000e+00,-8.090170e-01
-3.775922e-02,-4.662876e-02,1.555556e-01,1.000000e+00,-7.771460e-01
-3.267834e-02,-5.032023e-02,1.555556e-01,1.000000e+00,-8.386706e-01
-3.526712e-02,-4.854102e-02,1.555556e-01,1.000000e+00,-8.090170e-01
-3.526711e-02,-4.854102e-02,1.500000e-01,1.000000e+00,-8.090170e-01
-3.775922e-02,-4.662876e-02,1.500000e-01,1.000000e+00,-7.771460e-01
-3.775922e-02,-4.662876e-02,1.666667e-01,1.000000e+00,-7.771460e-01
-3.775922e-02,-4.662876e-02,1.611111e-01,1.000000e+00,-7.771460e-01
-3.526711e-02,-4.854102e-02,1.611111e-01,1.000000e+00,-8.090170e-01
-3.775922e-02,-4.662876e-02,1.777778e-01,1.000000e+00,-7.771460e-01
-3.267834e-02,-5.032023e-02,1.777778e-01,1.000000e+00,-8.386706e-01
-3.775922e-02,-4.662876e-02,1.722222e-01,1.000000e+00,-7.771460e-01
-3.526712e-02,-4.854102e-02,1.777778e-01,1.000000e+00,-8.090170e-01
-3.526711e-02,-4.854102e-02,1.722222e-01,1.000000e+00,-8.090170e-01
-3.267834e-02,-5.032023e-02,1.888889e-01,1.000000e+00,-8.386706e-01
-3.526712e-02,-4.854102e-02,1.833333e-01,1.000000e+00,-8.090170e-01
-3.267834e-02,-5.032023e-02,1.833333e-01,1.000000e+00,-8.386706e-01
-3.775922e-02,-4.662876e-02,1.888889e-01,1.000000e+00,-7.771460e-01
-3.775922e-02,-4.662876e-02,1.833333e-01,1.000000e+00,-7.771460e-01
-3.526712e-02,-4.854102e-02,1.888889e-01,1.000000e+00,-8.090170e-01
-3.267834e-02,-5.032023e-02,2.000000e-01,1.000000e+00,-8.386706e-01
-3.267834e-02,-5.032023e-02,1.944444e-01,1.000000e+00,-8.386706e-01
-3.267834e-02,-5.032023e-02,1.972222e-01,1.000000e+00,-8.386706e-01
-3.398437e-02,-4.944757e-02,1.972222e-01,1.000000e+00,-8.241262e-01
-3.398437e-02,-4.944757e-02,2.000000e-01,1.000000e+00,-8.241262e-01
-3.526712e-02,-4.854102e-02,1.944444e-01,1.000000e+00,-8.090170e-01
-3.267834e-02,-5.032023e-02,1.111111e-02,1.000000e+00,-8.386706e-01
-3.267834e-02,-5.032023e-02,1.666667e-02,1.000000e+00,-8.386706e-01
-3.526712e-02,-4.854102e-02,1.111111e-02,1.000000e+00,-8.090170e-01
-3.267834e-02,-5.032023e-02,3.888889e-02,1.000000e+00,-8.386706e-01
-3.267834e-02,-5.032023e-02,6.111111e-02,1.000000e+00,-8.386706e-01
-3.267834e-02,-5.032023e-02,7.777778e-02,1.000000e+00,-8.386706e-01
-3.526712e-02,-4.854102e-02,7.777778e-02,1.000000e+00,-8.090170e-01
-3.267834e-02,-5.032023e-02,7.222222e-02,1.000000e+00,-8.386706e-01
-3.267834e-02,-5.032023e-02,8.333333e-02,1.000000e+00,-8.386706e-01
-3.267834e-02,-5.032023e-02,1.055556e-01,1.000000e+00,-8.386706e-01
-3.267834e-02,-5.032023e-02,1.222222e-01,1.000000e+00,-8.386706e-01
-3.526712e-02,-4.854102e-02,1.222222e-01,1.000000e+00,-8.090170e-01
-3.267834e-02,-5.032023e-02,1.166667e-01,1.000000e+00,-8.386706e-01
-3.267834e-02,-5.032023e-02,1.277778e-01,1.000000e+00,-8.386706e-01
-3.267834e-02,-5.032023e-02,1.444444e-01,1.000000e+00,-8.386706e-01
-3.526712e-02,-4.854102e-02,1.444444e-01,1.000000e+00,-8.090170e-01
-3.267834e-02,-5.032023e-02,1.388889e-01,1.000000e+00,-8.386706e-01
-3.267834e-02,-5.032023e-02,1.500000e-01,1.000000e+00,-8.386706e-01
-3.267834e-02,-5.032023e-02,1.666667e-01,1.000000e+00,-8.386706e-01
-3.267834e-02,-5.032023e-02,1.611111e-01,1.000000e+00,-8.386706e-01
-3.526712e-02,-4.854102e-02,1.666667e-01,1.000000e+00,-8.090170e-01
-3.267834e-02,-5.032023e-02,1.722222e-01,1.000000e+00,-8.386706e-01
-2.723943e-02,-5.346039e-02,2.000000e-01,1.000000e+00,-8.910065e-01
-2.440420e-02,-5.481273e-02,2.000000e-01,1.000000e+00,-9.135455e-01
-2.723943e-02,-5.346039e-02,1.944444e-01,1.000000e+00,-8.910065e-01
-2.583067e-02,-5.415512e-02,2.000000e-01,1.000000e+00,-9.025853e-01
-2.583067e-02,-5.415512e-02,1.972222e-01,1.000000e+00,-9.025853e-01
-2.723943e-02,-5.346039e-02,1.972222e-01,1.000000e+00,-8.910065e-01
-2.723943e-02,-5.346039e-02,1.111111e-02,1.000000e+00,-8.910065e-01
-2.723943e-02,-5.346039e-02,2.222222e-02,1.000000e+00,-8.910065e-01
-2.150208e-02,-5.601483e-02,2.222222e-02,1.000000e+00,-9.335804e-01
-2.723943e-02,-5.346039e-02,1.666667e-02,1.000000e+00,-8.910065e-01
-2.440420e-02,-5.481273e-02,2.222222e-02,1.000000e+00,-9.135455e-01
-2.440420e-02,-5.481273e-02,1.666667e-02,1.000000e+00,-9.135455e-01
-2.723943e-02,-5.346039e-02,3.333333e-02,1.000000e+00,-8.910065e-01
-2.723943e-02,-5.346039e-02,2.777778e-02,1.000000e+00,-8.910065e-01
-2.440420e-02,-5.481273e-02,2.777778e-02,1.000000e+00,-9.135455e-01
-2.723943e-02,-5.346039e-02,4.444444e-02,1.000000e+00,-8.910065e-01
-2.150208e-02,-5.601483e-02,4.444444e-02,1.000000e+00,-9.335804e-01
-2.723943e-02,-5.346039e-02,3.888889e-02,1.000000e+00,-8.910065e-01
-2.440420e-02,-5.481273e-02,4.444444e-02,1.000000e+00,-9.135455e-01
-2.440420e-02,-5.481273e-02,3.888889e-02,1.000000e+00,-9.135455e-01
-2.723943e-02,-5.346039e-02,5.555556e-02,1.000000e+00,-8.910065e-01
-2.723943e-02,-5.346039e-02,5.000000e-02,1.000000e+00,-8.910065e-01
-2.440420e-02,-5.481273e-02,5.000000e-02,1.000000e+00,-9.135455e-01
-2.723943e-02,-5.346039e-02,6.666667e-02,1.000000e+00,-8.910065e-01
-2.723943e-02,-5.346039e-02,7.777778e-02,1.000000e+00,-8.910065e-01
-2.150208e-02,-5.601483e-02,6.666667e-02,1.000000e+00,-9.335804e-01
-2.723943e-02,-5.346039e-02,7.222222e-02,1.000000e+00,-8.910065e-01
-2.440420e-02,-5.481273e-02,7.222222e-02,1.000000e+00,-9.135455e-01
-2.440420e-02,-5.481273e-02,6.666667e-02,1.000000e+00,-9.135455e-01
-2.150208e-02,-5.601483e-02,5.555556e-02,1.000000e+00,-9.335804e-01
-2.150208e-02,-5.601483e-02,6.111111e-02,1.000000e+00,-9.335804e-01
-2.440420e-02,-5.481273e-02,6.111111e-02,1.000000e+00,-9.135455e-01
-2.723943e-02,-5.346039e-02,6.111111e-02,1.000000e+00,-8.910065e-01
-2.440420e-02,-5.481273e-02,5.555556e-02,1.000000e+00,-9.135455e-01
-2.723943e-02,-5.346039e-02,8.888889e-02,1.000000e+00,-8.910065e-01
-2.150208e-02,-5.601483e-02,8.888889e-02,1.000000e+00,-9.335804e-01
-2.723943e-02,-5.346039e-02,8.333333e-02,1.000000e+00,-8.910065e-01
-2.440420e-02,-5.481273e-02,8.888889e-02,1.000000e+00,-9.135455e-01
-2.440420e-02,-5.481273e-02,8.333333e-02,1.000000e+00,-9.135455e-01
-2.150208e-02,-5.601483e-02,1.000000e-01,1.000000e+00,-9.335804e-01
-2.440420e-02,-5.481273e-02,9.444444e-02,1.000000e+00,-9.135455e-01
-2.150208e-02,-5.601483e-02,9.444444e-02,1.000000e+00,-9.335804e-01
-2.723943e-02,-5.346039e-02,1.000000e-01,1.000000e+00,-8.910065e-01
-2.723943e-02,-5.346039e-02,9.444444e-02,1.000000e+00,-8.910065e-01
-2.440420e-02,-5.481273e-02,1.000000e-01,1.000000e+00,-9.135455e-01
-2.723943e-02,-5.346039e-02,1.111111e-01,1.000000e+00,-8.910065e-01
-2.150208e-02,-5.601483e-02,1.111111e-01,1.000000e+00,-9.335804e-01
-2.440420e-02,-5.481273e-02,1.111111e-01,1.000000e+00,-9.135455e-01
-2.440420e-02,-5.481273e-02,1.055556e-01,1.000000e+00,-9.135455e-01
-2.723943e-02,-5.346039e-02,1.055556e-01,1.000000e+00,-8.910065e-01
-2.723943e-02,-5.346039e-02,1.222222e-01,1.000000e+00,-8.910065e-01
-2.723943e-02,-5.346039e-02,1.166667e-01,1.000000e+00,-8.910065e-01
-2.440420e-02,-5.481273e-02,1.166667e-01,1.000000e+00,-9.135455e-01
-2.723943e-02,-5.346039e-02,1.333333e-01,1.000000e+00,-8.910065e-01
-2.150208e-02,-5.601483e-02,1.333333e-01,1.000000e+00,-9.335804e-01
-2.440420e-02,-5.481273e-02,1.333333e-01,1.000000e+00,-9.135455e-01
-2.440420e-02,-5.481273e-02,1.277778e-01,1.000000e+00,-9.135455e-01
-2.723943e-02,-5.346039e-02,1.277778e-01,1.000000e+00,-8.910065e-01
-2.723943e-02,-5.346039e-02,1.444444e-01,1.000000e+00,-8.910065e-01
-2.723943e-02,-5.346039e-02,1.388889e-01,1.000000e+00,-8.910065e-01
-2.440420e-02,-5.481273e-02,1.388889e-01,1.000000e+00,-9.135455e-01
-2.723943e-02,-5.346039e-02,1.555556e-01,1.000000e+00,-8.910065e-01
-2.150208e-02,-5.601483e-02,1.555556e-01,1.000000e+00,-9.335804e-01
-2.440420e-02,-5.481273e-02,1.555556e-01,1.000000e+00,-9.135455e-01
-2.440420e-02,-5.481273e-02,1.500000e-01,1.000000e+00,-9.135455e-01
-2.723943e-02,-5.346039e-02,1.500000e-01,1.000000e+00,-8.910065e-01
-2.723943e-02,-5.346039e-02,1.666667e-01,1.000000e+00,-8.910065e-01
-2.723943e-02,-5.346039e-02,1.611111e-01,1.000000e+00,-8.910065e-01
-2.440420e-02,-5.481273e-02,1.611111e-01,1.000000e+00,-9.135455e-01
-2.723943e-02,-5.346039e-02,1.777778e-01,1.000000e+00,-8.910065e-01
-2.150208e-02,-5.601483e-02,1.777778e-01,1.000000e+00,-9.335804e-01
-2.723943e-02,-5.346039e-02,1.722222e-01,1.000000e+00,-8.910065e-01
-2.440420e-02,-5.481273e-02,1.777778e-01,1.000000e+00,-9.135455e-01
-2.440420e-02,-5.481273e-02,1.722222e-01,1.000000e+00,-9.135455e-01
-2.150208e-02,-5.601483e-02,1.888889e-01,1.000000e+00,-9.335804e-01
-2.440420e-02,-5.481273e-02,1.833333e-01,1.000000e+00,-9.135455e-01
-2.150208e-02,-5.601483e-02,1.833333e-01,1.000000e+00,-9.335804e-01
-2.723943e-02,-5.346039e-02,1.888889e-01,1.000000e+00,-8.910065e-01
-2.723943e-02,-5.346039e-02,1.833333e-01,1.000000e+00,-8.910065e-01
-2.440420e-02,-5.481273e-02,1.888889e-01,1.000000e+00,-9.135455e-01
-2.150208e-02,-5.601483e-02,2.000000e-01,1.000000e+00,-9.335804e-01
-2.150208e-02,-5.601483e-02,1.944444e-01,1.000000e+00,-9.335804e-01
-2.150208e-02,-5.601483e-02,1.972222e-01,1.000000e+00,-9.335804e-01
-2.296101e-02,-5.543277e-02,1.972222e-01,1.000000e+00,-9.238795e-01
-2.296101e-02,-5.543277e-02,2.000000e-01,1.000000e+00,-9.238795e-01
-2.440420e-02,-5.481273e-02,1.944444e-01,1.000000e+00,-9.135455e-01
-2.150208e-02,-5.601483e-02,1.111111e-02,1.000000e+00,-9.335804e-01
-2.150208e-02,-5.601483e-02,1.666667e-02,1.000000e+00,-9.335804e-01
-2.440420e-02,-5.481273e-02,1.111111e-02,1.000000e+00,-9.135455e-01
-2.150208e-02,-5.601483e-02,3.333333e-02,1.000000e+00,-9.335804e-01
-2.440420e-02,-5.481273e-02,3.333333e-02,1.000000e+00,-9.135455e-01
-2.150208e-02,-5.601483e-02,2.777778e-02,1.000000e+00,-9.335804e-01
-2.150208e-02,-5.601483e-02,3.888889e-02,1.000000e+00,-9.335804e-01
-2.150208e-02,-5.601483e-02,5.000000e-02,1.000000e+00,-9.335804e-01
-2.150208e-02,-5.601483e-02,7.777778e-02,1.000000e+00,-9.335804e-01
-2.440420e-02,-5.481273e-02,7.777778e-02,1.000000e+00,-9.135455e-01
-2.150208e-02,-5.601483e-02,7.222222e-02,1.000000e+00,-9.335804e-01
-2.150208e-02,-5.601483e-02,8.333333e-02,1.000000e+00,-9.335804e-01
-2.150208e-02,-5.601483e-02,1.055556e-01,1.000000e+00,-9.335804e-01
-2.150208e-02,-5.601483e-02,1.222222e-01,1.000000e+00,-9.335804e-01
-2.440420e-02,-5.481273e-02,1.222222e-01,1.000000e+00,-9.135455e-01
-2.150208e-02,-5.601483e-02,1.166667e-01,1.000000e+00,-9.335804e-01
-2.150208e-02,-5.601483e-02,1.277778e-01,1.000000e+00,-9.335804e-01
-2.150208e-02,-5.601483e-02,1.444444e-01,1.000000e+00,-9.335804e-01
-2.440420e-02,-5.481273e-02,1.444444e-01,1.000000e+00,-9.135455e-01
-2.150208e-02,-5.601483e-02,1.388889e-01,1.000000e+00,-9.335804e-01
-2.150208e-02,-5.601483e-02,1.500000e-01,1.000000e+00,-9.335804e-01
-2.150208e-02,-5.601483e-02,1.666667e-01,1.000000e+00,-9.335804e-01
-2.440420e-02,-5.481273e-02,1.666667e-01,1.000000e+00,-9.135455e-01
-2.150208e-02,-5.601483e-02,1.611111e-01,1.000000e+00,-9.335804e-01
-2.150208e-02,-5.601483e-02,1.722222e-01,1.000000e+00,-9.335804e-01
-1.552914e-02,-5.795555e-02,2.000000e-01,1.000000e+00,-9.659258e-01
-1.247470e-02,-5.868886e-02,2.000000e-01,1.000000e+00,-9.781476e-01
-1.552914e-02,-5.795555e-02,1.944444e-01,1.000000e+00,-9.659258e-01
-1.400672e-02,-5.834220e-02,2.000000e-01,1.000000e+00,-9.723699e-01
-1.400672e-02,-5.834220e-02,1.972222e-01,1.000000e+00,-9.723699e-01
-1.552914e-02,-5.795555e-02,1.972222e-01,1.000000e+00,-9.659258e-01
-9.386068e-03,-5.926130e-02,2.222222e-02,1.000000e+00,-9.876883e-01
-1.552914e-02,-5.795555e-02,2.222222e-02,1.000000e+00,-9.659258e-01
-1.552914e-02,-5.795555e-02,3.333333e-02,1.000000e+00,-9.659258e-01
-1.247470e-02,-5.868886e-02,2.222222e-02,1.000000e+00,-9.781476e-01
-1.552914e-02,-5.795555e-02,2.777778e-02,1.000000e+00,-9.659258e-01
-1.247470e-02,-5.868886e-02,2.777778e-02,1.000000e+00,-9.781476e-01
-9.386068e-03,-5.926130e-02,1.111111e-02,1.000000e+00,-9.876883e-01
-1.247470e-02,-5.868886e-02,1.666667e-02,1.000000e+00,-9.781476e-01
-9.386068e-03,-5.926130e-02,1.666667e-02,1.000000e+00,-9.876883e-01
-1.552914e-02,-5.795555e-02,1.111111e-02,1.000000e+00,-9.659258e-01
-1.247470e-02,-5.868886e-02,1.111111e-02,1.000000e+00,-9.781476e-01
-1.552914e-02,-5.795555e-02,1.666667e-02,1.000000e+00,-9.659258e-01
-1.552914e-02,-5.795555e-02,4.444444e-02,1.000000e+00,-9.659258e-01
-1.552914e-02,-5.795555e-02,5.555556e-02,1.000000e+00,-9.659258e-01
-9.386068e-03,-5.926130e-02,4.444444e-02,1.000000e+00,-9.876883e-01
-1.552914e-02,-5.795555e-02,5.000000e-02,1.000000e+00,-9.659258e-01
-1.247470e-02,-5.868886e-02,5.000000e-02,1.000000e+00,-9.781476e-01
-1.247470e-02,-5.868886e-02,4.444444e-02,1.000000e+00,-9.781476e-01
-9.386068e-03,-5.926130e-02,3.333333e-02,1.000000e+00,-9.876883e-01
-1.247470e-02,-5.868886e-02,3.888889e-02,1.000000e+00,-9.781476e-01
-9.386068e-03,-5.926130e-02,3.888889e-02,1.000000e+00,-9.876883e-01
-1.552914e-02,-5.795555e-02,3.888889e-02,1.000000e+00,-9.659258e-01
-1.247470e-02,-5.868886e-02,3.333333e-02,1.000000e+00,-9.781476e-01
-1.552914e-02,-5.795555e-02,6.666667e-02,1.000000e+00,-9.659258e-01
-1.552914e-02,-5.795555e-02,7.777778e-02,1.000000e+00,-9.659258e-01
-9.386068e-03,-5.926130e-02,6.666667e-02,1.000000e+00,-9.876883e-01
-1.552914e-02,-5.795555e-02,7.222222e-02,1.000000e+00,-9.659258e-01
-1.247470e-02,-5.868886e-02,7.222222e-02,1.000000e+00,-9.781476e-01
-1.247470e-02,-5.868886e-02,6.666667e-02,1.000000e+00,-9.781476e-01
-9.386068e-03,-5.926130e-02,5.555556e-02,1.000000e+00,-9.876883e-01
-1.247470e-02,-5.868886e-02,6.111111e-02,1.000000e+00,-9.781476e-01
-9.386068e-03,-5.926130e-02,6.111111e-02,1.000000e+00,-9.876883e-01
-1.552914e-02,-5.795555e-02,6.111111e-02,1.000000e+00,-9.659258e-01
-1.247470e-02,-5.868886e-02,5.555556e-02,1.000000e+00,-9.781476e-01
-1.552914e-02,-5.795555e-02,8.888889e-02,1.000000e+00,-9.659258e-01
-1.552914e-02,-5.795555e-02,1.000000e-01,1.000000e+00,-9.659258e-01
-9.386068e-03,-5.926130e-02,8.888889e-02,1.000000e+00,-9.876883e-01
-1.552914e-02,-5.795555e-02,9.444444e-02,1.000000e+00,-9.659258e-01
-1.247470e-02,-5.868886e-02,9.444444e-02,1.000000e+00,-9.781476e-01
-1.247470e-02,-5.868886e-02,8.888889e-02,1.000000e+00,-9.781476e-01
-9.386068e-03,-5.926130e-02,7.777778e-02,1.000000e+00,-9.876883e-01
-9.386068e-03,-5.926130e-02,8.333333e-02,1.000000e+00,-9.876883e-01
-1.247470e-02,-5.868886e-02,8.333333e-02,1.000000e+00,-9.781476e-01
-1.552914e-02,-5.795555e-02,8.333333e-02,1.000000e+00,-9.659258e-01
-1.247470e-02,-5.868886e-02,7.777778e-02,1.000000e+00,-9.781476e-01
-1.552914e-02,-5.795555e-02,1.111111e-01,1.000000e+00,-9.659258e-01
-1.552914e-02,-5.795555e-02,1.222222e-01,1.000000e+00,-9.659258e-01
-9.386068e-03,-5.926130e-02,1.111111e-01,1.000000e+00,-9.876883e-01
-1.552914e-02,-5.795555e-02,1.166667e-01,1.000000e+00,-9.659258e-01
-1.247470e-02,-5.868886e-02,1.166667e-01,1.000000e+00,-9.781476e-01
-1.247470e-02,-5.868886e-02,1.111111e-01,1.000000e+00,-9.781476e-01
-9.386068e-03,-5.926130e-02,1.000000e-01,1.000000e+00,-9.876883e-01
-9.386068e-03,-5.926130e-02,1.055556e-01,1.000000e+00,-9.876883e-01
-1.247470e-02,-5.868886e-02,1.055556e-01,1.000000e+00,-9.781476e-01
-1.247470e-02,-5.868886e-02,1.000000e-01,1.000000e+00,-9.781476e-01
-1.552914e-02,-5.795555e-02,1.055556e-01,1.000000e+00,-9.659258e-01
-9.386068e-03,-5.926130e-02,1.333333e-01,1.000000e+00,-9.876883e-01
-1.552914e-02,-5.795555e-02,1.333333e-01,1.000000e+00,-9.659258e-01
-1.552914e-02,-5.795555e-02,1.444444e-01,1.000000e+00,-9.659258e-01
-1.247470e-02,-5.868886e-02,1.333333e-01,1.000000e+00,-9.781476e-01
-1.552914e-02,-5.795555e-02,1.388889e-01,1.000000e+00,-9.659258e-01
-1.247470e-02,-5.868886e-02,1.388889e-01,1.000000e+00,-9.781476e-01
-9.386068e-03,-5.926130e-02,1.222222e-01,1.000000e+00,-9.876883e-01
-9.386068e-03,-5.926130e-02,1.277778e-01,1.000000e+00,-9.876883e-01
-1.247470e-02,-5.868886e-02,1.277778e-01,1.000000e+00,-9.781476e-01
-1.247470e-02,-5.868886e-02,1.222222e-01,1.000000e+00,-9.781476e-01
-1.552914e-02,-5.795555e-02,1.277778e-01,1.000000e+00,-9.659258e-01
-9.386068e-03,-5.926130e-02,1.555556e-01,1.000000e+00,-9.876883e-01
-1.552914e-02,-5.795555e-02,1.555556e-01,1.000000e+00,-9.659258e-01
-1.552914e-02,-5.795555e-02,1.666667e-01,1.000000e+00,-9.659258e-01
-1.247470e-02,-5.868886e-02,1.555556e-01,1.000000e+00,-9.781476e-01
-1.552914e-02,-5.795555e-02,1.611111e-01,1.000000e+00,-9.659258e-01
-1.247470e-02,-5.868886e-02,1.611111e-01,1.000000e+00,-9.781476e-01
-9.386068e-03,-5.926130e-02,1.444444e-01,1.000000e+00,-9.876883e-01
-1.247470e-02,-5.868886e-02,1.500000e-01,1.000000e+00,-9.781476e-01
-9.386068e-03,-5.926130e-02,1.500000e-01,1.000000e+00,-9.876883e-01
-1.247470e-02,-5.868886e-02,1.444444e-01,1.000000e+00,-9.781476e-01
-1.552914e-02,-5.795555e-02,1.500000e-01,1.000000e+00,-9.659258e-01
-9.386068e-03,-5.926130e-02,1.777778e-01,1.000000e+00,-9.876883e-01
-1.552914e-02,-5.795555e-02,1.777778e-01,1.000000e+00,-9.659258e-01
-1.552914e-02,-5.795555e-02,1.888889e-01,1.000000e+00,-9.659258e-01
-1.247470e-02,-5.868886e-02,1.777778e-01,1.000000e+00,-9.781476e-01
-1.552914e-02,-5.795555e-02,1.833333e-01,1.000000e+00,-9.659258e-01
-1.247470e-02,-5.868886e-02,1.833333e-01,1.000000e+00,-9.781476e-01
-9.386068e-03,-5.926130e-02,1.666667e-01,1.000000e+00,-9.876883e-01
-9.386068e-03,-5.926130e-02,1.722222e-01,1.000000e+00,-9.876883e-01
-1.247470e-02,-5.868886e-02,1.722222e-01,1.000000e+00,-9.781476e-01
-1.552914e-02,-5.795555e-02,1.722222e-01,1.000000e+00,-9.659258e-01
-1.247470e-02,-5.868886e-02,1.666667e-01,1.000000e+00,-9.781476e-01
-9.386068e-03,-5.926130e-02,2.000000e-01,1.000000e+00,-9.876883e-01
-9.386068e-03,-5.926130e-02,1.944444e-01,1.000000e+00,-9.876883e-01
-1.093413e-02,-5.899529e-02,2.000000e-01,1.000000e+00,-9.832549e-01
-9.386068e-03,-5.926130e-02,1.972222e-01,1.000000e+00,-9.876883e-01
-1.093413e-02,-5.899529e-02,1.972222e-01,1.000000e+00,-9.832549e-01
-1.247470e-02,-5.868886e-02,1.944444e-01,1.000000e+00,-9.781476e-01
-9.386068e-03,-5.926130e-02,2.777778e-02,1.000000e+00,-9.876883e-01
-9.386068e-03,-5.926130e-02,5.000000e-02,1.000000e+00,-9.876883e-01
-9.386068e-03,-5.926130e-02,7.222222e-02,1.000000e+00,-9.876883e-01
-9.386068e-03,-5.926130e-02,9.444444e-02,1.000000e+00,-9.876883e-01
-9.386068e-03,-5.926130e-02,1.166667e-01,1.000000e+00,-9.876883e-01
-9.386068e-03,-5.926130e-02,1.388889e-01,1.000000e+00,-9.876883e-01
-9.386068e-03,-5.926130e-02,1.611111e-01,1.000000e+00,-9.876883e-01
-9.386068e-03,-5.926130e-02,1.888889e-01,1.000000e+00,-9.876883e-01
-9.386068e-03,-5.926130e-02,1.833333e-01,1.000000e+00,-9.876883e-01
-1.247470e-02,-5.868886e-02,1.888889e-01,1.000000e+00,-9.781476e-01
6.186942e-17,-6.000000e-02,2.000000e-01,1.000000e+00,-1.000000e+00
-3.140157e-03,-5.991777e-02,2.000000e-01,1.000000e+00,-9.986295e-01
-3.140157e-03,-5.991777e-02,1.944444e-01,1.000000e+00,-9.986295e-01
-1.570617e-03,-5.997944e-02,2.000000e-01,1.000000e+00,-9.996573e-01
-1.570617e-03,-5.997944e-02,1.972222e-01,1.000000e+00,-9.996573e-01
-3.140157e-03,-5.991777e-02,1.972222e-01,1.000000e+00,-9.986295e-01
-3.140157e-03,-5.991777e-02,1.111111e-02,1.000000e+00,-9.986295e-01
-3.140157e-03,-5.991777e-02,2.222222e-02,1.000000e+00,-9.986295e-01
3.140157e-03,-5.991777e-02,2.222222e-02,1.000000e+00,-9.986295e-01
-3.140157e-03,-5.991777e-02,1.666667e-02,1.000000e+00,-9.986295e-01
-6.771601e-21,-6.000000e-02,2.222222e-02,1.000000e+00,-1.000000e+00
2.384976e-10,-6.000000e-02,1.666667e-02,1.000000e+00,-1.000000e+00
-3.140157e-03,-5.991777e-02,3.333333e-02,1.000000e+00,-9.986295e-01
-3.140157e-03,-5.991777e-02,2.777778e-02,1.000000e+00,-9.986295e-01
2.384976e-10,-6.000000e-02,2.777778e-02,1.000000e+00,-1.000000e+00
-3.140157e-03,-5.991777e-02,4.444444e-02,1.000000e+00,-9.986295e-01
3.140157e-03,-5.991777e-02,4.444444e-02,1.000000e+00,-9.986295e-01
-3.140157e-03,-5.991777e-02,3.888889e-02,1.000000e+00,-9.986295e-01
-1.354320e-20,-6.000000e-02,4.444444e-02,1.000000e+00,-1.000000e+00
2.384976e-10,-6.000000e-02,3.888889e-02,1.000000e+00,-1.000000e+00
-3.140157e-03,-5.991777e-02,5.555556e-02,1.000000e+00,-9.986295e-01
-3.140157e-03,-5.991777e-02,5.000000e-02,1.000000e+00,-9.986295e-01
2.384976e-10,-6.000000e-02,5.000000e-02,1.000000e+00,-1.000000e+00
-3.140157e-03,-5.991777e-02,6.666667e-02,1.000000e+00,-9.986295e-01
3.140157e-03,-5.991777e-02,6.666667e-02,1.000000e+00,-9.986295e-01
-2.031480e-20,-6.000000e-02,6.666667e-02,1.000000e+00,-1.000000e+00
2.384976e-10,-6.000000e-02,6.111111e-02,1.000000e+00,-1.000000e+00
-3.140157e-03,-5.991777e-02,6.111111e-02,1.000000e+00,-9.986295e-01
-3.140157e-03,-5.991777e-02,7.777778e-02,1.000000e+00,-9.986295e-01
-3.140157e-03,-5.991777e-02,7.222222e-02,1.000000e+00,-9.986295e-01
2.384976e-10,-6.000000e-02,7.222222e-02,1.000000e+00,-1.000000e+00
-3.140157e-03,-5.991777e-02,8.888889e-02,1.000000e+00,-9.986295e-01
3.140157e-03,-5.991777e-02,8.888889e-02,1.000000e+00,-9.986295e-01
-2.708640e-20,-6.000000e-02,8.888889e-02,1.000000e+00,-1.000000e+00
2.384976e-10,-6.000000e-02,8.333333e-02,1.000000e+00,-1.000000e+00
-3.140157e-03,-5.991777e-02,8.333333e-02,1.000000e+00,-9.986295e-01
-3.140157e-03,-5.991777e-02,1.000000e-01,1.000000e+00,-9.986295e-01
-3.140157e-03,-5.991777e-02,9.444444e-02,1.000000e+00,-9.986295e-01
2.384976e-10,-6.000000e-02,9.444444e-02,1.000000e+00,-1.000000e+00
-3.140157e-03,-5.991777e-02,1.111111e-01,1.000000e+00,-9.986295e-01
3.140157e-03,-5.991777e-02,1.111111e-01,1.000000e+00,-9.986295e-01
-3.385800e-20,-6.000000e-02,1.111111e-01,1.000000e+00,-1.000000e+00
2.384976e-10,-6.000000e-02,1.055556e-01,1.000000e+00,-1.000000e+00
-3.140157e-03,-5.991777e-02,1.055556e-01,1.000000e+00,-9.986295e-01
-3.140157e-03,-5.991777e-02,1.222222e-01,1.000000e+00,-9.986295e-01
-3.140157e-03,-5.991777e-02,1.166667e-01,1.000000e+00,-9.986295e-01
2.384976e-10,-6.000000e-02,1.166667e-01,1.000000e+00,-1.000000e+00
-3.140157e-03,-5.991777e-02,1.333333e-01,1.000000e+00,-9.986295e-01
3.140157e-03,-5.991777e-02,1.333333e-01,1.000000e+00,-9.986295e-01
-4.062960e-20,-6.000000e-02,1.333333e-01,1.000000e+00,-1.000000e+00
2.384977e-10,-6.000000e-02,1.277778e-01,1.000000e+00,-1.000000e+00
-3.140157e-03,-5.991777e-02,1.277778e-01,1.000000e+00,-9.986295e-01
-3.140157e-03,-5.991777e-02,1.444444e-01,1.000000e+00,-9.986295e-01
-3.140157e-03,-5.991777e-02,1.388889e-01,1.000000e+00,-9.986295e-01
2.384977e-10,-6.000000e-02,1.388889e-01,1.000000e+00,-1.000000e+00
-3.140157e-03,-5.991777e-02,1.555556e-01,1.000000e+00,-9.986295e-01
3.140157e-03,-5.991777e-02,1.555556e-01,1.000000e+00,-9.986295e-01
-4.740120e-20,-6.000000e-02,1.555556e-01,1.000000e+00,-1.000000e+00
2.384977e-10,-6.000000e-02,1.500000e-01,1.000000e+00,-1.000000e+00
-3.140157e-03,-5.991777e-02,1.500000e-01,1.000000e+00,-9.986295e-01
-3.140157e-03,-5.991777e-02,1.666667e-01,1.000000e+00,-9.986295e-01
-3.140157e-03,-5.991777e-02,1.611111e-01,1.000000e+00,-9.986295e-01
2.384977e-10,-6.000000e-02,1.611111e-01,1.000000e+00,-1.000000e+00
-3.140157e-03,-5.991777e-02,1.777778e-01,1.000000e+00,-9.986295e-01
-3.140157e-03,-5.991777e-02,1.888889e-01,1.000000e+00,-9.986295e-01
3.140157e-03,-5.991777e-02,1.777778e-01,1.000000e+00,-9.986295e-01
-3.140157e-03,-5.991777e-02,1.833333e-01,1.000000e+00,-9.986295e-01
2.384977e-10,-6.000000e-02,1.833333e-01,1.000000e+00,-1.000000e+00
-5.417280e-20,-6.000000e-02,1.777778e-01,1.000000e+00,-1.000000e+00
3.140157e-03,-5.991777e-02,1.666667e-01,1.000000e+00,-9.986295e-01
3.140157e-03,-5.991777e-02,1.722222e-01,1.000000e+00,-9.986295e-01
-5.247990e-20,-6.000000e-02,1.722222e-01,1.000000e+00,-1.000000e+00
-5.078700e-20,-6.000000e-02,1.666667e-01,1.000000e+00,-1.000000e+00
-3.140157e-03,-5.991777e-02,1.722222e-01,1.000000e+00,-9.986295e-01
3.140157e-03,-5.991777e-02,2.000000e-01,1.000000e+00,-9.986295e-01
3.140157e-03,-5.991777e-02,1.944444e-01,1.000000e+00,-9.986295e-01
3.140157e-03,-5.991777e-02,1.972222e-01,1.000000e+00,-9.986295e-01
1.570617e-03,-5.997944e-02,1.972222e-01,1.000000e+00,-9.996573e-01
1.570617e-03,-5.997944e-02,2.000000e-01,1.000000e+00,-9.996573e-01
-5.925150e-20,-6.000000e-02,1.944444e-01,1.000000e+00,-1.000000e+00
3.140157e-03,-5.991777e-02,1.111111e-02,1.000000e+00,-9.986295e-01
3.140157e-03,-5.991777e-02,1.666667e-02,1.000000e+00,-9.986295e-01
-3.385800e-21,-6.000000e-02,1.111111e-02,1.000000e+00,-1.000000e+00
3.140157e-03,-5.991777e-02,3.333333e-02,1.000000e+00,-9.986295e-01
-1.015740e-20,-6.000000e-02,3.333333e-02,1.000000e+00,-1.000000e+00
3.140157e-03,-5.991777e-02,2.777778e-02,1.000000e+00,-9.986295e-01
3.140157e-03,-5.991777e-02,3.888889e-02,1.000000e+00,-9.986295e-01
3.140157e-03,-5.991777e-02,5.555556e-02,1.000000e+00,-9.986295e-01
-1.692900e-20,-6.000000e-02,5.555556e-02,1.000000e+00,-1.000000e+00
3.140157e-03,-5.991777e-02,5.000000e-02,1.000000e+00,-9.986295e-01
3.140157e-03,-5.991777e-02,6.111111e-02,1.000000e+00,-9.986295e-01
3.140157e-03,-5.991777e-02,7.777778e-02,1.000000e+00,-9.986295e-01
3.140157e-03,-5.991777e-02,7.222222e-02,1.000000e+00,-9.986295e-01
-2.370060e-20,-6.000000e-02,7.777778e-02,1.000000e+00,-1.000000e+00
3.140157e-03,-5.991777e-02,8.333333e-02,1.000000e+00,-9.986295e-01
3.140157e-03,-5.991777e-02,1.000000e-01,1.000000e+00,-9.986295e-01
-3.047220e-20,-6.000000e-02,1.000000e-01,1.000000e+00,-1.000000e+00
3.140157e-03,-5.991777e-02,9.444444e-02,1.000000e+00,-9.986295e-01
3.140157e-03,-5.991777e-02,1.055556e-01,1.000000e+00,-9.986295e-01
3.140157e-03,-5.991777e-02,1.222222e-01,1.000000e+00,-9.986295e-01
-3.724380e-20,-6.000000e-02,1.222222e-01,1.000000e+00,-1.000000e+00
3.140157e-03,-5.991777e-02,1.166667e-01,1.000000e+00,-9.986295e-01
3.140157e-03,-5.991777e-02,1.277778e-01,1.000000e+00,-9.986295e-01
3.140157e-03,-5.991777e-02,1.444444e-01,1.000000e+00,-9.986295e-01
-4.401540e-20,-6.000000e-02,1.444444e-01,1.000000e+00,-1.000000e+00
3.140157e-03,-5.991777e-02,1.388889e-01,1.000000e+00,-9.986295e-01
3.140157e-03,-5.991777e-02,1.500000e-01,1.000000e+00,-9.986295e-01
3.140157e-03,-5.991777e-02,1.611111e-01,1.000000e+00,-9.986295e-01
3.140157e-03,-5.991777e-02,1.888889e-01,1.000000e+00,-9.986295e-01
-5.755860e-20,-6.000000e-02,1.888889e-01,1.000000e+00,-1.000000e+00
3.140157e-03,-5.991777e-02,1.833333e-01,1.000000e+00,-9.986295e-01
9.386068e-03,-5.926130e-02,2.000000e-01,1.000000e+00,-9.876883e-01
1.247470e-02,-5.868886e-02,2.000000e-01,1.000000e+00,-9.781476e-01
9.386068e-03,-5.926130e-02,1.944444e-01,1.000000e+00,-9.876883e-01
1.093413e-02,-5.899529e-02,2.000000e-01,1.000000e+00,-9.832549e-01
1.093413e-02,-5.899529e-02,1.972222e-01,1.000000e+00,-9.832549e-01
9.386068e-03,-5.926130e-02,1.972222e-01,1.000000e+00,-9.876883e-01
9.386068e-03,-5.926130e-02,2.222222e-02,1.000000e+00,-9.876883e-01
1.552914e-02,-5.795555e-02,2.222222e-02,1.000000e+00,-9.659258e-01
9.386068e-03,-5.926130e-02,1.111111e-02,1.000000e+00,-9.876883e-01
1.247470e-02,-5.868886e-02,2.222222e-02,1.000000e+00,-9.781476e-01
1.247470e-02,-5.868886e-02,1.666667e-02,1.000000e+00,-9.781476e-01
9.386068e-03,-5.926130e-02,1.666667e-02,1.000000e+00,-9.876883e-01
1.552914e-02,-5.795555e-02,3.333333e-02,1.000000e+00,-9.659258e-01
1.247470e-02,-5.868886e-02,2.777778e-02,1.000000e+00,-9.781476e-01
1.552914e-02,-5.795555e-02,2.777778e-02,1.000000e+00,-9.659258e-01
9.386068e-03,-5.926130e-02,3.333333e-02,1.000000e+00,-9.876883e-01
9.386068e-03,-5.926130e-02,2.777778e-02,1.000000e+00,-9.876883e-01
1.247470e-02,-5.868886e-02,3.333333e-02,1.000000e+00,-9.781476e-01
9.386068e-03,-5.926130e-02,4.444444e-02,1.000000e+00,-9.876883e-01
1.552914e-02,-5.795555e-02,4.444444e-02,1.000000e+00,-9.659258e-01
1.247470e-02,-5.868886e-02,4.444444e-02,1.000000e+00,-9.781476e-01
1.247470e-02,-5.868886e-02,3.888889e-02,1.000000e+00,-9.781476e-01
9.386068e-03,-5.926130e-02,3.888889e-02,1.000000e+00,-9.876883e-01
9.386068e-03,-5.926130e-02,5.555556e-02,1.000000e+00,-9.876883e-01
9.386068e-03,-5.926130e-02,5.000000e-02,1.000000e+00,-9.876883e-01
1.247470e-02,-5.868886e-02,5.000000e-02,1.000000e+00,-9.781476e-01
9.386068e-03,-5.926130e-02,6.666667e-02,1.000000e+00,-9.876883e-01
1.552914e-02,-5.795555e-02,6.666667e-02,1.000000e+00,-9.659258e-01
9.386068e-03,-5.926130e-02,6.111111e-02,1.000000e+00,-9.876883e-01
1.247470e-02,-5.868886e-02,6.666667e-02,1.000000e+00,-9.781476e-01
1.247470e-02,-5.868886e-02,6.111111e-02,1.000000e+00,-9.781476e-01
9.386068e-03,-5.926130e-02,7.777778e-02,1.000000e+00,-9.876883e-01
9.386068e-03,-5.926130e-02,7.222222e-02,1.000000e+00,-9.876883e-01
1.247470e-02,-5.868886e-02,7.222222e-02,1.000000e+00,-9.781476e-01
9.386068e-03,-5.926130e-02,8.888889e-02,1.000000e+00,-9.876883e-01
1.552914e-02,-5.795555e-02,8.888889e-02,1.000000e+00,-9.659258e-01
1.247470e-02,-5.868886e-02,8.888889e-02,1.000000e+00,-9.781476e-01
1.247470e-02,-5.868886e-02,8.333333e-02,1.000000e+00,-9.781476e-01
9.386068e-03,-5.926130e-02,8.333333e-02,1.000000e+00,-9.876883e-01
9.386068e-03,-5.926130e-02,1.000000e-01,1.000000e+00,-9.876883e-01
9.386068e-03,-5.926130e-02,9.444444e-02,1.000000e+00,-9.876883e-01
1.247470e-02,-5.868886e-02,9.444444e-02,1.000000e+00,-9.781476e-01
9.386068e-03,-5.926130e-02,1.111111e-01,1.000000e+00,-9.876883e-01
1.552914e-02,-5.795555e-02,1.111111e-01,1.000000e+00,-9.659258e-01
9.386068e-03,-5.926130e-02,1.055556e-01,1.000000e+00,-9.876883e-01
1.247470e-02,-5.868886e-02,1.111111e-01,1.000000e+00,-9.781476e-01
1.247470e-02,-5.868886e-02,1.055556e-01,1.000000e+00,-9.781476e-01
9.386068e-03,-5.926130e-02,1.222222e-01,1.000000e+00,-9.876883e-01
9.386068e-03,-5.926130e-02,1.166667e-01,1.000000e+00,-9.876883e-01
1.247470e-02,-5.868886e-02,1.166667e-01,1.000000e+00,-9.781476e-01
9.386068e-03,-5.926130e-02,1.333333e-01,1.000000e+00,-9.876883e-01
1.552914e-02,-5.795555e-02,1.333333e-01,1.000000e+00,-9.659258e-01
1.247470e-02,-5.868886e-02,1.333333e-01,1.000000e+00,-9.781476e-01
1.247470e-02,-5.868886e-02,1.277778e-01,1.000000e+00,-9.781476e-01
9.386068e-03,-5.926130e-02,1.277778e-01,1.000000e+00,-9.876883e-01
9.386068e-03,-5.926130e-02,1.444444e-01,1.000000e+00,-9.876883e-01
9.386068e-03,-5.926130e-02,1.388889e-01,1.000000e+00,-9.876883e-01
1.247470e-02,-5.868886e-02,1.388889e-01,1.000000e+00,-9.781476e-01
9.386068e-03,-5.926130e-02,1.555556e-01,1.000000e+00,-9.876883e-01
1.552914e-02,-5.795555e-02,1.555556e-01,1.000000e+00,-9.659258e-01
1.247470e-02,-5.868886e-02,1.555556e-01,1.000000e+00,-9.781476e-01
1.247470e-02,-5.868886e-02,1.500000e-01,1.000000e+00,-9.781476e-01
9.386068e-03,-5.926130e-02,1.500000e-01,1.000000e+00,-9.876883e-01
9.386068e-03,-5.926130e-02,1.666667e-01,1.000000e+00,-9.876883e-01
9.386068e-03,-5.926130e-02,1.611111e-01,1.000000e+00,-9.876883e-01
1.247470e-02,-5.868886e-02,1.611111e-01,1.000000e+00,-9.781476e-01
1.552914e-02,-5.795555e-02,1.777778e-01,1.000000e+00,-9.659258e-01
9.386068e-03,-5.926130e-02,1.777778e-01,1.000000e+00,-9.876883e-01
9.386068e-03,-5.926130e-02,1.888889e-01,1.000000e+00,-9.876883e-01
1.247470e-02,-5.868886e-02,1.777778e-01,1.000000e+00,-9.781476e-01
9.386068e-03,-5.926130e-02,1.833333e-01,1.000000e+00,-9.876883e-01
1.247470e-02,-5.868886e-02,1.833333e-01,1.000000e+00,-9.781476e-01
1.552914e-02,-5.795555e-02,1.666667e-01,1.000000e+00,-9.659258e-01
1.552914e-02,-5.795555e-02,1.722222e-01,1.000000e+00,-9.659258e-01
1.247470e-02,-5.868886e-02,1.722222e-01,1.000000e+00,-9.781476e-01
1.247470e-02,-5.868886e-02,1.666667e-01,1.000000e+00,-9.781476e-01
9.386068e-03,-5.926130e-02,1.722222e-01,1.000000e+00,-9.876883e-01
1.552914e-02,-5.795555e-02,2.000000e-01,1.000000e+00,-9.659258e-01
1.552914e-02,-5.795555e-02,1.944444e-01,1.000000e+00,-9.659258e-01
1.552914e-02,-5.795555e-02,1.972222e-01,1.000000e+00,-9.659258e-01
1.400672e-02,-5.834220e-02,1.972222e-01,1.000000e+00,-9.723699e-01
1.400672e-02,-5.834220e-02,2.000000e-01,1.000000e+00,-9.723699e-01
1.247470e-02,-5.868886e-02,1.944444e-01,1.000000e+00,-9.781476e-01
1.552914e-02,-5.795555e-02,1.111111e-02,1.000000e+00,-9.659258e-01
1.552914e-02,-5.795555e-02,1.666667e-02,1.000000e+00,-9.659258e-01
1.247470e-02,-5.868886e-02,1.111111e-02,1.000000e+00,-9.781476e-01
1.552914e-02,-5.795555e-02,3.888889e-02,1.000000e+00,-9.659258e-01
1.552914e-02,-5.795555e-02,5.555556e-02,1.000000e+00,-9.659258e-01
1.247470e-02,-5.868886e-02,5.555556e-02,1.000000e+00,-9.781476e-01
1.552914e-02,-5.795555e-02,5.000000e-02,1.000000e+00,-9.659258e-01
1.552914e-02,-5.795555e-02,6.111111e-02,1.000000e+00,-9.659258e-01
1.552914e-02,-5.795555e-02,7.777778e-02,1.000000e+00,-9.659258e-01
1.247470e-02,-5.868886e-02,7.777778e-02,1.000000e+00,-9.781476e-01
1.552914e-02,-5.795555e-02,7.222222e-02,1.000000e+00,-9.659258e-01
1.552914e-02,-5.795555e-02,8.333333e-02,1.000000e+00,-9.659258e-01
1.552914e-02,-5.795555e-02,1.000000e-01,1.000000e+00,-9.659258e-01
1.247470e-02,-5.868886e-02,1.000000e-01,1.000000e+00,-9.781476e-01
1.552914e-02,-5.795555e-02,9.444444e-02,1.000000e+00,-9.659258e-01
1.552914e-02,-5.795555e-02,1.055556e-01,1.000000e+00,-9.659258e-01
1.552914e-02,-5.795555e-02,1.222222e-01,1.000000e+00,-9.659258e-01
1.247470e-02,-5.868886e-02,1.222222e-01,1.000000e+00,-9.781476e-01
1.552914e-02,-5.795555e-02,1.166667e-01,1.000000e+00,-9.659258e-01
1.552914e-02,-5.795555e-02,1.277778e-01,1.000000e+00,-9.659258e-01
1.552914e-02,-5.795555e-02,1.444444e-01,1.000000e+00,-9.659258e-01
1.247470e-02,-5.868886e-02,1.444444e-01,1.000000e+00,-9.781476e-01
1.552914e-02,-5.795555e-02,1.388889e-01,1.000000e+00,-9.659258e-01
1.552914e-02,-5.795555e-02,1.500000e-01,1.000000e+00,-9.659258e-01
1.552914e-02,-5.795555e-02,1.611111e-01,1.000000e+00,-9.659258e-01
1.552914e-02,-5.795555e-02,1.888889e-01,1.000000e+00,-9.659258e-01
1.247470e-02,-5.868886e-02,1.888889e-01,1.000000e+00,-9.781476e-01
1.552914e-02,-5.795555e-02,1.833333e-01,1.000000e+00,-9.659258e-01
2.150208e-02,-5.601483e-02,2.000000e-01,1.000000e+00,-9.335804e-01
2.440420e-02,-5.481273e-02,2.000000e-01,1.000000e+00,-9.135455e-01
2.150208e-02,-5.601483e-02,1.944444e-01,1.000000e+00,-9.335804e-01
2.296101e-02,-5.543277e-02,2.000000e-01,1.000000e+00,-9.238795e-01
2.296101e-02,-5.543277e-02,1.972222e-01,1.000000e+00,-9.238795e-01
2.150208e-02,-5.601483e-02,1.972222e-01,1.000000e+00,-9.335804e-01
2.150208e-02,-5.601483e-02,1.111111e-02,1.000000e+00,-9.335804e-01
2.150208e-02,-5.601483e-02,2.222222e-02,1.000000e+00,-9.335804e-01
2.723943e-02,-5.346039e-02,2.222222e-02,1.000000e+00,-8.910065e-01
2.150208e-02,-5.601483e-02,1.666667e-02,1.000000e+00,-9.335804e-01
2.440420e-02,-5.481273e-02,2.222222e-02,1.000000e+00,-9.135455e-01
2.440420e-02,-5.481273e-02,1.666667e-02,1.000000e+00,-9.135455e-01
2.150208e-02,-5.601483e-02,3.333333e-02,1.000000e+00,-9.335804e-01
2.150208e-02,-5.601483e-02,2.777778e-02,1.000000e+00,-9.335804e-01
2.440420e-02,-5.481273e-02,2.777778e-02,1.000000e+00,-9.135455e-01
2.150208e-02,-5.601483e-02,4.444444e-02,1.000000e+00,-9.335804e-01
2.723943e-02,-5.346039e-02,4.444444e-02,1.000000e+00,-8.910065e-01
2.440420e-02,-5.481273e-02,4.444444e-02,1.000000e+00,-9.135455e-01
2.440420e-02,-5.481273e-02,3.888889e-02,1.000000e+00,-9.135455e-01
2.150208e-02,-5.601483e-02,3.888889e-02,1.000000e+00,-9.335804e-01
2.150208e-02,-5.601483e-02,5.555556e-02,1.000000e+00,-9.335804e-01
2.150208e-02,-5.601483e-02,5.000000e-02,1.000000e+00,-9.335804e-01
2.440420e-02,-5.481273e-02,5.000000e-02,1.000000e+00,-9.135455e-01
2.150208e-02,-5.601483e-02,6.666667e-02,1.000000e+00,-9.335804e-01
2.723943e-02,-5.346039e-02,6.666667e-02,1.000000e+00,-8.910065e-01
2.150208e-02,-5.601483e-02,6.111111e-02,1.000000e+00,-9.335804e-01
2.440420e-02,-5.481273e-02,6.666667e-02,1.000000e+00,-9.135455e-01
2.440420e-02,-5.481273e-02,6.111111e-02,1.000000e+00,-9.135455e-01
2.150208e-02,-5.601483e-02,7.777778e-02,1.000000e+00,-9.335804e-01
2.150208e-02,-5.601483e-02,7.222222e-02,1.000000e+00,-9.335804e-01
2.440420e-02,-5.481273e-02,7.222222e-02,1.000000e+00,-9.135455e-01
2.150208e-02,-5.601483e-02,8.888889e-02,1.000000e+00,-9.335804e-01
2.723943e-02,-5.346039e-02,8.888889e-02,1.000000e+00,-8.910065e-01
2.440420e-02,-5.481273e-02,8.888889e-02,1.000000e+00,-9.135455e-01
2.440420e-02,-5.481273e-02,8.333333e-02,1.000000e+00,-9.135455e-01
2.150208e-02,-5.601483e-02,8.333333e-02,1.000000e+00,-9.335804e-01
2.150208e-02,-5.601483e-02,1.000000e-01,1.000000e+00,-9.335804e-01
2.150208e-02,-5.601483e-02,9.444444e-02,1.000000e+00,-9.335804e-01
2.440420e-02,-5.481273e-02,9.444444e-02,1.000000e+00,-9.135455e-01
2.150208e-02,-5.601483e-02,1.111111e-01,1.000000e+00,-9.335804e-01
2.723943e-02,-5.346039e-02,1.111111e-01,1.000000e+00,-8.910065e-01
2.150208e-02,-5.601483e-02,1.055556e-01,1.000000e+00,-9.335804e-01
2.440420e-02,-5.481273e-02,1.111111e-01,1.000000e+00,-9.135455e-01
2.440420e-02,-5.481273e-02,1.055556e-01,1.000000e+00,-9.135455e-01
2.150208e-02,-5.601483e-02,1.222222e-01,1.000000e+00,-9.335804e-01
2.150208e-02,-5.601483e-02,1.166667e-01,1.000000e+00,-9.335804e-01
2.440420e-02,-5.481273e-02,1.166667e-01,1.000000e+00,-9.135455e-01
2.150208e-02,-5.601483e-02,1.333333e-01,1.000000e+00,-9.335804e-01
2.723943e-02,-5.346039e-02,1.333333e-01,1.000000e+00,-8.910065e-01
2.440420e-02,-5.481273e-02,1.333333e-01,1.000000e+00,-9.135455e-01
2.440420e-02,-5.481273e-02,1.277778e-01,1.000000e+00,-9.135455e-01
2.150208e-02,-5.601483e-02,1.277778e-01,1.000000e+00,-9.335804e-01
2.150208e-02,-5.601483e-02,1.444444e-01,1.000000e+00,-9.335804e-01
2.150208e-02,-5.601483e-02,1.388889e-01,1.000000e+00,-9.335804e-01
2.440420e-02,-5.481273e-02,1.388889e-01,1.000000e+00,-9.135455e-01
2.150208e-02,-5.601483e-02,1.555556e-01,1.000000e+00,-9.335804e-01
2.723943e-02,-5.346039e-02,1.555556e-01,1.000000e+00,-8.910065e-01
2.440420e-02,-5.481273e-02,1.555556e-01,1.000000e+00,-9.135455e-01
2.440420e-02,-5.481273e-02,1.500000e-01,1.000000e+00,-9.135455e-01
2.150208e-02,-5.601483e-02,1.500000e-01,1.000000e+00,-9.335804e-01
2.150208e-02,-5.601483e-02,1.666667e-01,1.000000e+00,-9.335804e-01
2.150208e-02,-5.601483e-02,1.611111e-01,1.000000e+00,-9.335804e-01
2.440420e-02,-5.481273e-02,1.611111e-01,1.000000e+00,-9.135455e-01
2.150208e-02,-5.601483e-02,1.777778e-01,1.000000e+00,-9.335804e-01
2.150208e-02,-5.601483e-02,1.888889e-01,1.000000e+00,-9.335804e-01
2.723943e-02,-5.346039e-02,1.777778e-01,1.000000e+00,-8.910065e-01
2.150208e-02,-5.601483e-02,1.833333e-01,1.000000e+00,-9.335804e-01
2.440420e-02,-5.481273e-02,1.833333e-01,1.000000e+00,-9.135455e-01
2.440420e-02,-5.481273e-02,1.777778e-01,1.000000e+00,-9.135455e-01
2.723943e-02,-5.346039e-02,1.666667e-01,1.000000e+00,-8.910065e-01
2.723943e-02,-5.346039e-02,1.722222e-01,1.000000e+00,-8.910065e-01
2.440420e-02,-5.481273e-02,1.722222e-01,1.000000e+00,-9.135455e-01
2.440420e-02,-5.481273e-02,1.666667e-01,1.000000e+00,-9.135455e-01
2.150208e-02,-5.601483e-02,1.722222e-01,1.000000e+00,-9.335804e-01
2.723943e-02,-5.346039e-02,2.000000e-01,1.000000e+00,-8.910065e-01
2.723943e-02,-5.346039e-02,1.944444e-01,1.000000e+00,-8.910065e-01
2.723943e-02,-5.346039e-02,1.972222e-01,1.000000e+00,-8.910065e-01
2.583067e-02,-5.415512e-02,1.972222e-01,1.000000e+00,-9.025853e-01
2.583067e-02,-5.415512e-02,2.000000e-01,1.000000e+00,-9.025853e-01
2.440420e-02,-5.481273e-02,1.944444e-01,1.000000e+00,-9.135455e-01
2.723943e-02,-5.346039e-02,1.111111e-02,1.000000e+00,-8.910065e-01
2.723943e-02,-5.346039e-02,1.666667e-02,1.000000e+00,-8.910065e-01
2.440420e-02,-5.481273e-02,1.111111e-02,1.000000e+00,-9.135455e-01
2.723943e-02,-5.346039e-02,3.333333e-02,1.000000e+00,-8.910065e-01
2.440420e-02,-5.481273e-02,3.333333e-02,1.000000e+00,-9.135455e-01
2.723943e-02,-5.346039e-02,2.777778e-02,1.000000e+00,-8.910065e-01
2.723943e-02,-5.346039e-02,3.888889e-02,1.000000e+00,-8.910065e-01
2.723943e-02,-5.346039e-02,5.555556e-02,1.000000e+00,-8.910065e-01
2.440420e-02,-5.481273e-02,5.555556e-02,1.000000e+00,-9.135455e-01
2.723943e-02,-5.346039e-02,5.000000e-02,1.000000e+00,-8.910065e-01
2.723943e-02,-5.346039e-02,6.111111e-02,1.000000e+00,-8.910065e-01
2.723943e-02,-5.346039e-02,7.777778e-02,1.000000e+00,-8.910065e-01
2.440420e-02,-5.481273e-02,7.777778e-02,1.000000e+00,-9.135455e-01
2.723943e-02,-5.346039e-02,7.222222e-02,1.000000e+00,-8.910065e-01
2.723943e-02,-5.346039e-02,8.333333e-02,1.000000e+00,-8.910065e-01
2.723943e-02,-5.346039e-02,1.000000e-01,1.000000e+00,-8.910065e-01
2.440420e-02,-5.481273e-02,1.000000e-01,1.000000e+00,-9.135455e-01
2.723943e-02,-5.346039e-02,9.444444e-02,1.000000e+00,-8.910065e-01
2.723943e-02,-5.346039e-02,1.055556e-01,1.000000e+00,-8.910065e-01
2.723943e-02,-5.346039e-02,1.222222e-01,1.000000e+00,-8.910065e-01
2.440420e-02,-5.481273e-02,1.222222e-01,1.000000e+00,-9.135455e-01
2.723943e-02,-5.346039e-02,1.166667e-01,1.000000e+00,-8.910065e-01
2.723943e-02,-5.346039e-02,1.277778e-01,1.000000e+00,-8.910065e-01
2.723943e-02,-5.346039e-02,1.444444e-01,1.000000e+00,-8.910065e-01
2.440420e-02,-5.481273e-02,1.444444e-01,1.000000e+00,-9.135455e-01
2.723943e-02,-5.346039e-02,1.388889e-01,1.000000e+00,-8.910065e-01
2.723943e-02,-5.346039e-02,1.500000e-01,1.000000e+00,-8.910065e-01
2.723943e-02,-5.346039e-02,1.611111e-01,1.000000e+00,-8.910065e-01
2.723943e-02,-5.346039e-02,1.888889e-01,1.000000e+00,-8.910065e-01
2.440420e-02,-5.481273e-02,1.888889e-01,1.000000e+00,-9.135455e-01
2.723943e-02,-5.346039e-02,1.833333e-01,1.000000e+00,-8.910065e-01
3.267834e-02,-5.032023e-02,2.000000e-01,1.000000e+00,-8.386706e-01
3.267834e-02,-5.032023e-02,1.944444e-01,1.000000e+00,-8.386706e-01
3.526712e-02,-4.854102e-02,2.000000e-01,1.000000e+00,-8.090170e-01
3.267834e-02,-5.032023e-02,1.972222e-01,1.000000e+00,-8.386706e-01
3.398437e-02,-4.944757e-02,2.000000e-01,1.000000e+00,-8.241262e-01
3.398437e-02,-4.944757e-02,1.972222e-01,1.000000e+00,-8.241262e-01
3.267834e-02,-5.032023e-02,2.222222e-02,1.000000e+00,-8.386706e-01
3.775922e-02,-4.662876e-02,2.222222e-02,1.000000e+00,-7.771460e-01
3.267834e-02,-5.032023e-02,1.111111e-02,1.000000e+00,-8.386706e-01
3.526712e-02,-4.854102e-02,2.222222e-02,1.000000e+00,-8.090170e-01
3.526712e-02,-4.854102e-02,1.666667e-02,1.000000e+00,-8.090170e-01
3.267834e-02,-5.032023e-02,1.666667e-02,1.000000e+00,-8.386706e-01
3.775922e-02,-4.662876e-02,3.333333e-02,1.000000e+00,-7.771460e-01
3.526712e-02,-4.854102e-02,2.777778e-02,1.000000e+00,-8.090170e-01
3.775922e-02,-4.662876e-02,2.777778e-02,1.000000e+00,-7.771460e-01
3.267834e-02,-5.032023e-02,3.333333e-02,1.000000e+00,-8.386706e-01
3.267834e-02,-5.032023e-02,2.777778e-02,1.000000e+00,-8.386706e-01
3.526712e-02,-4.854102e-02,3.333333e-02,1.000000e+00,-8.090170e-01
3.267834e-02,-5.032023e-02,4.444444e-02,1.000000e+00,-8.386706e-01
3.775922e-02,-4.662876e-02,4.444444e-02,1.000000e+00,-7.771460e-01
3.526712e-02,-4.854102e-02,4.444444e-02,1.000000e+00,-8.090170e-01
3.526712e-02,-4.854102e-02,3.888889e-02,1.000000e+00,-8.090170e-01
3.267834e-02,-5.032023e-02,3.888889e-02,1.000000e+00,-8.386706e-01
3.775922e-02,-4.662876e-02,5.555556e-02,1.000000e+00,-7.771460e-01
3.526712e-02,-4.854102e-02,5.000000e-02,1.000000e+00,-8.090170e-01
3.775922e-02,-4.662876e-02,5.000000e-02,1.000000e+00,-7.771460e-01
3.267834e-02,-5.032023e-02,5.555556e-02,1.000000e+00,-8.386706e-01
3.267834e-02,-5.032023e-02,5.000000e-02,1.000000e+00,-8.386706e-01
3.526712e-02,-4.854102e-02,5.555556e-02,1.000000e+00,-8.090170e-01
3.267834e-02,-5.032023e-02,6.666667e-02,1.000000e+00,-8.386706e-01
3.775922e-02,-4.662876e-02,6.666667e-02,1.000000e+00,-7.771460e-01
3.526712e-02,-4.854102e-02,6.666667e-02,1.000000e+00,-8.090170e-01
3.526712e-02,-4.854102e-02,6.111111e-02,1.000000e+00,-8.090170e-01
3.267834e-02,-5.032023e-02,6.111111e-02,1.000000e+00,-8.386706e-01
3.775922e-02,-4.662876e-02,7.777778e-02,1.000000e+00,-7.771460e-01
3.526712e-02,-4.854102e-02,7.222222e-02,1.000000e+00,-8.090170e-01
3.775922e-02,-4.662876e-02,7.222222e-02,1.000000e+00,-7.771460e-01
3.267834e-02,-5.032023e-02,7.777778e-02,1.000000e+00,-8.386706e-01
3.267834e-02,-5.032023e-02,7.222222e-02,1.000000e+00,-8.386706e-01
3.526712e-02,-4.854102e-02,7.777778e-02,1.000000e+00,-8.090170e-01
3.267834e-02,-5.032023e-02,8.888889e-02,1.000000e+00,-8.386706e-01
3.775922e-02,-4.662876e-02,8.888889e-02,1.000000e+00,-7.771460e-01
3.526712e-02,-4.854102e-02,8.888889e-02,1.000000e+00,-8.090170e-01
3.526712e-02,-4.854102e-02,8.333333e-02,1.000000e+00,-8.090170e-01
3.267834e-02,-5.032023e-02,8.333333e-02,1.000000e+00,-8.386706e-01
3.775922e-02,-4.662876e-02,1.000000e-01,1.000000e+00,-7.771460e-01
3.526712e-02,-4.854102e-02,9.444444e-02,1.000000e+00,-8.090170e-01
3.775922e-02,-4.662876e-02,9.444444e-02,1.000000e+00,-7.771460e-01
3.267834e-02,-5.032023e-02,1.000000e-01,1.000000e+00,-8.386706e-01
3.267834e-02,-5.032023e-02,9.444444e-02,1.000000e+00,-8.386706e-01
3.526712e-02,-4.854102e-02,1.000000e-01,1.000000e+00,-8.090170e-01
3.267834e-02,-5.032023e-02,1.111111e-01,1.000000e+00,-8.386706e-01
3.775922e-02,-4.662876e-02,1.111111e-01,1.000000e+00,-7.771460e-01
3.267834e-02,-5.032023e-02,1.055556e-01,1.000000e+00,-8.386706e-01
3.526712e-02,-4.854102e-02,1.111111e-01,1.000000e+00,-8.090170e-01
3.526712e-02,-4.854102e-02,1.055556e-01,1.000000e+00,-8.090170e-01
3.775922e-02,-4.662876e-02,1.222222e-01,1.000000e+00,-7.771460e-01
3.526712e-02,-4.854102e-02,1.166667e-01,1.000000e+00,-8.090170e-01
3.775922e-02,-4.662876e-02,1.166667e-01,1.000000e+00,-7.771460e-01
3.267834e-02,-5.032023e-02,1.222222e-01,1.000000e+00,-8.386706e-01
3.267834e-02,-5.032023e-02,1.166667e-01,1.000000e+00,-8.386706e-01
3.526712e-02,-4.854102e-02,1.222222e-01,1.000000e+00,-8.090170e-01
3.267834e-02,-5.032023e-02,1.333333e-01,1.000000e+00,-8.386706e-01
3.775922e-02,-4.662876e-02,1.333333e-01,1.000000e+00,-7.771460e-01
3.526712e-02,-4.854102e-02,1.333333e-01,1.000000e+00,-8.090170e-01
3.526712e-02,-4.854102e-02,1.277778e-01,1.000000e+00,-8.090170e-01
3.267834e-02,-5.032023e-02,1.277778e-01,1.000000e+00,-8.386706e-01
3.775922e-02,-4.662876e-02,1.444444e-01,1.000000e+00,-7.771460e-01
3.526712e-02,-4.854102e-02,1.388889e-01,1.000000e+00,-8.090170e-01
3.775922e-02,-4.662876e-02,1.388889e-01,1.000000e+00,-7.771460e-01
3.267834e-02,-5.032023e-02,1.444444e-01,1.000000e+00,-8.386706e-01
3.267834e-02,-5.032023e-02,1.388889e-01,1.000000e+00,-8.386706e-01
3.526712e-02,-4.854102e-02,1.444444e-01,1.000000e+00,-8.090170e-01
3.267834e-02,-5.032023e-02,1.555556e-01,1.000000e+00,-8.386706e-01
3.775922e-02,-4.662876e-02,1.555556e-01,1.000000e+00,-7.771460e-01
3.526712e-02,-4.854102e-02,1.555556e-01,1.000000e+00,-8.090170e-01
3.526712e-02,-4.854102e-02,1.500000e-01,1.000000e+00,-8.090170e-01
3.267834e-02,-5.032023e-02,1.500000e-01,1.000000e+00,-8.386706e-01
3.775922e-02,-4.662876e-02,1.666667e-01,1.000000e+00,-7.771460e-01
3.526712e-02,-4.854102e-02,1.611111e-01,1.000000e+00,-8.090170e-01
3.775922e-02,-4.662876e-02,1.611111e-01,1.000000e+00,-7.771460e-01
3.267834e-02,-5.032023e-02,1.666667e-01,1.000000e+00,-8.386706e-01
3.267834e-02,-5.032023e-02,1.611111e-01,1.000000e+00,-8.386706e-01
3.526712e-02,-4.854102e-02,1.666667e-01,1.000000e+00,-8.090170e-01
3.267834e-02,-5.032023e-02,1.777778e-01,1.000000e+00,-8.386706e-01
3.775922e-02,-4.662876e-02,1.777778e-01,1.000000e+00,-7.771460e-01
3.526712e-02,-4.854102e-02,1.777778e-01,1.000000e+00,-8.090170e-01
3.526712e-02,-4.854102e-02,1.722222e-01,1.000000e+00,-8.090170e-01
3.267834e-02,-5.032023e-02,1.722222e-01,1.000000e+00,-8.386706e-01
3.775922e-02,-4.662876e-02,1.888889e-01,1.000000e+00,-7.771460e-01
3.526712e-02,-4.854102e-02,1.833333e-01,1.000000e+00,-8.090170e-01
3.775922e-02,-4.662876e-02,1.833333e-01,1.000000e+00,-7.771460e-01
3.267834e-02,-5.032023e-02,1.888889e-01,1.000000e+00,-8.386706e-01
3.267834e-02,-5.032023e-02,1.833333e-01,1.000000e+00,-8.386706e-01
3.526712e-02,-4.854102e-02,1.888889e-01,1.000000e+00,-8.090170e-01
3.775922e-02,-4.662876e-02,2.000000e-01,1.000000e+00,-7.771460e-01
3.775922e-02,-4.662876e-02,1.944444e-01,1.000000e+00,-7.771460e-01
3.775922e-02,-4.662876e-02,1.972222e-01,1.000000e+00,-7.771460e-01
3.652569e-02,-4.760120e-02,1.972222e-01,1.000000e+00,-7.933533e-01
3.652569e-02,-4.760120e-02,2.000000e-01,1.000000e+00,-7.933533e-01
3.526712e-02,-4.854102e-02,1.944444e-01,1.000000e+00,-8.090170e-01
3.775922e-02,-4.662876e-02,1.111111e-02,1.000000e+00,-7.771460e-01
3.775922e-02,-4.662876e-02,1.666667e-02,1.000000e+00,-7.771460e-01
3.526712e-02,-4.854102e-02,1.111111e-02,1.000000e+00,-8.090170e-01
3.775922e-02,-4.662876e-02,3.888889e-02,1.000000e+00,-7.771460e-01
3.775922e-02,-4.662876e-02,6.111111e-02,1.000000e+00,-7.771460e-01
3.775922e-02,-4.662876e-02,8.333333e-02,1.000000e+00,-7.771460e-01
3.775922e-02,-4.662876e-02,1.055556e-01,1.000000e+00,-7.771460e-01
3.775922e-02,-4.662876e-02,1.277778e-01,1.000000e+00,-7.771460e-01
3.775922e-02,-4.662876e-02,1.500000e-01,1.000000e+00,-7.771460e-01
3.775922e-02,-4.662876e-02,1.722222e-01,1.000000e+00,-7.771460e-01
4.242641e-02,-4.242641e-02,2.000000e-01,1.000000e+00,-7.071068e-01
4.242641e-02,-4.242641e-02,1.944444e-01,1.000000e+00,-7.071068e-01
4.458869e-02,-4.014784e-02,2.000000e-01,1.000000e+00,-6.691306e-01
4.242641e-02,-4.242641e-02,1.972222e-01,1.000000e+00,-7.071068e-01
4.352246e-02,-4.130127e-02,2.000000e-01,1.000000e+00,-6.883546e-01
4.352246e-02,-4.130127e-02,1.972222e-01,1.000000e+00,-6.883546e-01
4.242641e-02,-4.242641e-02,2.222222e-02,1.000000e+00,-7.071068e-01
4.662876e-02,-3.775922e-02,2.222222e-02,1.000000e+00,-6.293204e-01
4.242641e-02,-4.242641e-02,1.111111e-02,1.000000e+00,-7.071068e-01
4.458869e-02,-4.014784e-02,2.222222e-02,1.000000e+00,-6.691306e-01
4.458869e-02,-4.014784e-02,1.666667e-02,1.000000e+00,-6.691306e-01
4.242641e-02,-4.242641e-02,1.666667e-02,1.000000e+00,-7.071068e-01
4.662876e-02,-3.775922e-02,3.333333e-02,1.000000e+00,-6.293204e-01
4.458869e-02,-4.014784e-02,2.777778e-02,1.000000e+00,-6.691306e-01
4.662876e-02,-3.775922e-02,2.777778e-02,1.000000e+00,-6.293204e-01
4.242641e-02,-4.242641e-02,3.333333e-02,1.000000e+00,-7.071068e-01
4.242641e-02,-4.242641e-02,2.777778e-02,1.000000e+00,-7.071068e-01
4.458869e-02,-4.014784e-02,3.333333e-02,1.000000e+00,-6.691306e-01
4.242641e-02,-4.242641e-02,4.444444e-02,1.000000e+00,-7.071068e-01
4.662876e-02,-3.775922e-02,4.444444e-02,1.000000e+00,-6.293204e-01
4.458869e-02,-4.014784e-02,4.444444e-02,1.000000e+00,-6.691306e-01
4.458869e-02,-4.014784e-02,3.888889e-02,1.000000e+00,-6.691306e-01
4.242641e-02,-4.242641e-02,3.888889e-02,1.000000e+00,-7.071068e-01
4.662876e-02,-3.775922e-02,5.555556e-02,1.000000e+00,-6.293204e-01
4.458869e-02,-4.014784e-02,5.000000e-02,1.000000e+00,-6.691306e-01
4.662876e-02,-3.775922e-02,5.000000e-02,1.000000e+00,-6.293204e-01
4.242641e-02,-4.242641e-02,5.555556e-02,1.000000e+00,-7.071068e-01
4.242641e-02,-4.242641e-02,5.000000e-02,1.000000e+00,-7.071068e-01
4.458869e-02,-4.014784e-02,5.555556e-02,1.000000e+00,-6.691306e-01
4.242641e-02,-4.242641e-02,6.666667e-02,1.000000e+00,-7.071068e-01
4.662876e-02,-3.775922e-02,6.666667e-02,1.000000e+00,-6.293204e-01
4.458869e-02,-4.014784e-02,6.666667e-02,1.000000e+00,-6.691306e-01
4.458869e-02,-4.014784e-02,6.111111e-02,1.000000e+00,-6.691306e-01
4.242641e-02,-4.242641e-02,6.111111e-02,1.000000e+00,-7.071068e-01
4.662876e-02,-3.775922e-02,7.777778e-02,1.000000e+00,-6.293204e-01
4.458869e-02,-4.014784e-02,7.222222e-02,1.000000e+00,-6.691306e-01
4.662876e-02,-3.775922e-02,7.222222e-02,1.000000e+00,-6.293204e-01
4.242641e-02,-4.242641e-02,7.777778e-02,1.000000e+00,-7.071068e-01
4.242641e-02,-4.242641e-02,7.222222e-02,1.000000e+00,-7.071068e-01
4.458869e-02,-4.014784e-02,7.777778e-02,1.000000e+00,-6.691306e-01
4.242641e-02,-4.242641e-02,8.888889e-02,1.000000e+00,-7.071068e-01
4.662876e-02,-3.775922e-02,8.888889e-02,1.000000e+00,-6.293204e-01
4.458869e-02,-4.014784e-02,8.333333e-02,1.000000e+00,-6.691306e-01
4.458869e-02,-4.014784e-02,8.888889e-02,1.000000e+00,-6.691306e-01
4.662876e-02,-3.775922e-02,8.333333e-02,1.000000e+00,-6.293204e-01
4.662876e-02,-3.775922e-02,1.000000e-01,1.000000e+00,-6.293204e-01
4.458869e-02,-4.014784e-02,9.444444e-02,1.000000e+00,-6.691306e-01
4.662876e-02,-3.775922e-02,9.444444e-02,1.000000e+00,-6.293204e-01
4.242641e-02,-4.242641e-02,8.333333e-02,1.000000e+00,-7.071068e-01
4.242641e-02,-4.242641e-02,1.000000e-01,1.000000e+00,-7.071068e-01
4.242641e-02,-4.242641e-02,9.444444e-02,1.000000e+00,-7.071068e-01
4.458869e-02,-4.014784e-02,1.000000e-01,1.000000e+00,-6.691306e-01
4.242641e-02,-4.242641e-02,1.111111e-01,1.000000e+00,-7.071068e-01
4.662876e-02,-3.775922e-02,1.111111e-01,1.000000e+00,-6.293204e-01
4.458869e-02,-4.014784e-02,1.111111e-01,1.000000e+00,-6.691306e-01
4.662876e-02,-3.775922e-02,1.055556e-01,1.000000e+00,-6.293204e-01
4.458869e-02,-4.014784e-02,1.055556e-01,1.000000e+00,-6.691306e-01
4.662876e-02,-3.775922e-02,1.222222e-01,1.000000e+00,-6.293204e-01
4.458869e-02,-4.014784e-02,1.166667e-01,1.000000e+00,-6.691306e-01
4.662876e-02,-3.775922e-02,1.166667e-01,1.000000e+00,-6.293204e-01
4.242641e-02,-4.242641e-02,1.055556e-01,1.000000e+00,-7.071068e-01
4.242641e-02,-4.242641e-02,1.222222e-01,1.000000e+00,-7.071068e-01
4.242641e-02,-4.242641e-02,1.166667e-01,1.000000e+00,-7.071068e-01
4.458869e-02,-4.014784e-02,1.222222e-01,1.000000e+00,-6.691306e-01
4.242641e-02,-4.242641e-02,1.333333e-01,1.000000e+00,-7.071068e-01
4.662876e-02,-3.775922e-02,1.333333e-01,1.000000e+00,-6.293204e-01
4.458869e-02,-4.014784e-02,1.333333e-01,1.000000e+00,-6.691306e-01
4.662876e-02,-3.775922e-02,1.277778e-01,1.000000e+00,-6.293204e-01
4.458869e-02,-4.014784e-02,1.277778e-01,1.000000e+00,-6.691306e-01
4.662876e-02,-3.775922e-02,1.444444e-01,1.000000e+00,-6.293204e-01
4.458869e-02,-4.014784e-02,1.388889e-01,1.000000e+00,-6.691306e-01
4.662876e-02,-3.775922e-02,1.388889e-01,1.000000e+00,-6.293204e-01
4.242641e-02,-4.242641e-02,1.277778e-01,1.000000e+00,-7.071068e-01
4.242641e-02,-4.242641e-02,1.444444e-01,1.000000e+00,-7.071068e-01
4.242641e-02,-4.242641e-02,1.388889e-01,1.000000e+00,-7.071068e-01
4.458869e-02,-4.014784e-02,1.444444e-01,1.000000e+00,-6.691306e-01
4.242641e-02,-4.242641e-02,1.555556e-01,1.000000e+00,-7.071068e-01
4.662876e-02,-3.775922e-02,1.555556e-01,1.000000e+00,-6.293204e-01
4.458869e-02,-4.014784e-02,1.500000e-01,1.000000e+00,-6.691306e-01
4.458869e-02,-4.014784e-02,1.555556e-01,1.000000e+00,-6.691306e-01
4.662876e-02,-3.775922e-02,1.500000e-01,1.000000e+00,-6.293204e-01
4.662876e-02,-3.775922e-02,1.666667e-01,1.000000e+00,-6.293204e-01
4.458869e-02,-4.014784e-02,1.611111e-01,1.000000e+00,-6.691306e-01
4.662876e-02,-3.775922e-02,1.611111e-01,1.000000e+00,-6.293204e-01
4.242641e-02,-4.242641e-02,1.500000e-01,1.000000e+00,-7.071068e-01
4.242641e-02,-4.242641e-02,1.666667e-01,1.000000e+00,-7.071068e-01
4.242641e-02,-4.242641e-02,1.611111e-01,1.000000e+00,-7.071068e-01
4.458869e-02,-4.014784e-02,1.666667e-01,1.000000e+00,-6.691306e-01
4.242641e-02,-4.242641e-02,1.777778e-01,1.000000e+00,-7.071068e-01
4.662876e-02,-3.775922e-02,1.777778e-01,1.000000e+00,-6.293204e-01
4.458869e-02,-4.014784e-02,1.777778e-01,1.000000e+00,-6.691306e-01
4.458869e-02,-4.014784e-02,1.722222e-01,1.000000e+00,-6.691306e-01
4.242641e-02,-4.242641e-02,1.722222e-01,1.000000e+00,-7.071068e-01
4.662876e-02,-3.775922e-02,1.888889e-01,1.000000e+00,-6.293204e-01
4.458869e-02,-4.014784e-02,1.833333e-01,1.000000e+00,-6.691306e-01
4.662876e-02,-3.775922e-02,1.833333e-01,1.000000e+00,-6.293204e-01
4.242641e-02,-4.242641e-02,1.888889e-01,1.000000e+00,-7.071068e-01
4.242641e-02,-4.242641e-02,1.833333e-01,1.000000e+00,-7.071068e-01
4.458869e-02,-4.014784e-02,1.888889e-01,1.000000e+00,-6.691306e-01
4.662876e-02,-3.775922e-02,2.000000e-01,1.000000e+00,-6.293204e-01
4.662876e-02,-3.775922e-02,1.944444e-01,1.000000e+00,-6.293204e-01
4.662876e-02,-3.775922e-02,1.972222e-01,1.000000e+00,-6.293204e-01
4.562436e-02,-3.896688e-02,1.972222e-01,1.000000e+00,-6.494480e-01
4.562436e-02,-3.896688e-02,2.000000e-01,1.000000e+00,-6.494480e-01
4.458869e-02,-4.014784e-02,1.944444e-01,1.000000e+00,-6.691306e-01
4.662876e-02,-3.775922e-02,1.111111e-02,1.000000e+00,-6.293204e-01
4.662876e-02,-3.775922e-02,1.666667e-02,1.000000e+00,-6.293204e-01
4.458869e-02,-4.014784e-02,1.111111e-02,1.000000e+00,-6.691306e-01
4.662876e-02,-3.775922e-02,3.888889e-02,1.000000e+00,-6.293204e-01
4.662876e-02,-3.775922e-02,6.111111e-02,1.000000e+00,-6.293204e-01
4.662876e-02,-3.775922e-02,1.722222e-01,1.000000e+00,-6.293204e-01
5.196152e-02,-3.000000e-02,2.000000e-01,1.000000e+00,-5.000000e-01
5.032023e-02,-3.267834e-02,2.000000e-01,1.000000e+00,-5.446390e-01
5.032023e-02,-3.267834e-02,1.944444e-01,1.000000e+00,-5.446390e-01
5.115841e-02,-3.134991e-02,2.000000e-01,1.000000e+00,-5.224986e-01
5.115841e-02,-3.134991e-02,1.972222e-01,1.000000e+00,-5.224986e-01
5.032023e-02,-3.267834e-02,1.972222e-01,1.000000e+00,-5.446390e-01
5.032023e-02,-3.267834e-02,2.222222e-02,1.000000e+00,-5.446390e-01
5.032023e-02,-3.267834e-02,3.333333e-02,1.000000e+00,-5.446390e-01
5.346039e-02,-2.723943e-02,2.222222e-02,1.000000e+00,-4.539905e-01
5.032023e-02,-3.267834e-02,2.777778e-02,1.000000e+00,-5.446390e-01
5.196152e-02,-3.000000e-02,2.777778e-02,1.000000e+00,-5.000000e-01
5.196152e-02,-3.000000e-02,2.222222e-02,1.000000e+00,-5.000000e-01
5.346039e-02,-2.723943e-02,1.111111e-02,1.000000e+00,-4.539905e-01
5.196152e-02,-3.000000e-02,1.666667e-02,1.000000e+00,-5.000000e-01
5.346039e-02,-2.723943e-02,1.666667e-02,1.000000e+00,-4.539905e-01
5.032023e-02,-3.267834e-02,1.111111e-02,1.000000e+00,-5.446390e-01
5.032023e-02,-3.267834e-02,1.666667e-02,1.000000e+00,-5.446390e-01
5.196152e-02,-3.000000e-02,1.111111e-02,1.000000e+00,-5.000000e-01
5.032023e-02,-3.267834e-02,4.444444e-02,1.000000e+00,-5.446390e-01
5.346039e-02,-2.723943e-02,4.444444e-02,1.000000e+00,-4.539905e-01
5.032023e-02,-3.267834e-02,3.888889e-02,1.000000e+00,-5.446390e-01
5.196152e-02,-3.000000e-02,4.444444e-02,1.000000e+00,-5.000000e-01
5.196152e-02,-3.000000e-02,3.888889e-02,1.000000e+00,-5.000000e-01
5.032023e-02,-3.267834e-02,5.555556e-02,1.000000e+00,-5.446390e-01
5.032023e-02,-3.267834e-02,5.000000e-02,1.000000e+00,-5.446390e-01
5.196152e-02,-3.000000e-02,5.000000e-02,1.000000e+00,-5.000000e-01
5.032023e-02,-3.267834e-02,6.666667e-02,1.000000e+00,-5.446390e-01
5.346039e-02,-2.723943e-02,6.666667e-02,1.000000e+00,-4.539905e-01
5.196152e-02,-3.000000e-02,6.666667e-02,1.000000e+00,-5.000000e-01
5.196152e-02,-3.000000e-02,6.111111e-02,1.000000e+00,-5.000000e-01
5.032023e-02,-3.267834e-02,6.111111e-02,1.000000e+00,-5.446390e-01
5.032023e-02,-3.267834e-02,7.777778e-02,1.000000e+00,-5.446390e-01
5.032023e-02,-3.267834e-02,7.222222e-02,1.000000e+00,-5.446390e-01
5.196152e-02,-3.000000e-02,7.222222e-02,1.000000e+00,-5.000000e-01
5.032023e-02,-3.267834e-02,8.888889e-02,1.000000e+00,-5.446390e-01
5.346039e-02,-2.723943e-02,8.888889e-02,1.000000e+00,-4.539905e-01
5.196152e-02,-3.000000e-02,8.888889e-02,1.000000e+00,-5.000000e-01
5.196152e-02,-3.000000e-02,8.333333e-02,1.000000e+00,-5.000000e-01
5.032023e-02,-3.267834e-02,8.333333e-02,1.000000e+00,-5.446390e-01
5.032023e-02,-3.267834e-02,1.000000e-01,1.000000e+00,-5.446390e-01
5.032023e-02,-3.267834e-02,9.444444e-02,1.000000e+00,-5.446390e-01
5.196152e-02,-3.000000e-02,9.444444e-02,1.000000e+00,-5.000000e-01
5.032023e-02,-3.267834e-02,1.111111e-01,1.000000e+00,-5.446390e-01
5.346039e-02,-2.723943e-02,1.111111e-01,1.000000e+00,-4.539905e-01
5.032023e-02,-3.267834e-02,1.055556e-01,1.000000e+00,-5.446390e-01
5.196152e-02,-3.000000e-02,1.111111e-01,1.000000e+00,-5.000000e-01
5.196152e-02,-3.000000e-02,1.055556e-01,1.000000e+00,-5.000000e-01
5.032023e-02,-3.267834e-02,1.222222e-01,1.000000e+00,-5.446390e-01
5.032023e-02,-3.267834e-02,1.166667e-01,1.000000e+00,-5.446390e-01
5.196152e-02,-3.000000e-02,1.166667e-01,1.000000e+00,-5.000000e-01
5.032023e-02,-3.267834e-02,1.333333e-01,1.000000e+00,-5.446390e-01
5.346039e-02,-2.723943e-02,1.333333e-01,1.000000e+00,-4.539905e-01
5.196152e-02,-3.000000e-02,1.333333e-01,1.000000e+00,-5.000000e-01
5.196152e-02,-3.000000e-02,1.277778e-01,1.000000e+00,-5.000000e-01
5.032023e-02,-3.267834e-02,1.277778e-01,1.000000e+00,-5.446390e-01
5.032023e-02,-3.267834e-02,1.444444e-01,1.000000e+00,-5.446390e-01
5.032023e-02,-3.267834e-02,1.388889e-01,1.000000e+00,-5.446390e-01
5.196152e-02,-3.000000e-02,1.388889e-01,1.000000e+00,-5.000000e-01
5.032023e-02,-3.267834e-02,1.555556e-01,1.000000e+00,-5.446390e-01
5.346039e-02,-2.723943e-02,1.555556e-01,1.000000e+00,-4.539905e-01
5.196152e-02,-3.000000e-02,1.555556e-01,1.000000e+00,-5.000000e-01
5.196152e-02,-3.000000e-02,1.500000e-01,1.000000e+00,-5.000000e-01
5.032023e-02,-3.267834e-02,1.500000e-01,1.000000e+00,-5.446390e-01
5.032023e-02,-3.267834e-02,1.666667e-01,1.000000e+00,-5.446390e-01
5.032023e-02,-3.267834e-02,1.611111e-01,1.000000e+00,-5.446390e-01
5.196152e-02,-3.000000e-02,1.611111e-01,1.000000e+00,-5.000000e-01
5.032023e-02,-3.267834e-02,1.777778e-01,1.000000e+00,-5.446390e-01
5.346039e-02,-2.723943e-02,1.777778e-01,1.000000e+00,-4.539905e-01
5.196152e-02,-3.000000e-02,1.777778e-01,1.000000e+00,-5.000000e-01
5.196152e-02,-3.000000e-02,1.722222e-01,1.000000e+00,-5.000000e-01
5.032023e-02,-3.267834e-02,1.722222e-01,1.000000e+00,-5.446390e-01
5.346039e-02,-2.723943e-02,1.888889e-01,1.000000e+00,-4.539905e-01
5.196152e-02,-3.000000e-02,1.833333e-01,1.000000e+00,-5.000000e-01
5.346039e-02,-2.723943e-02,1.833333e-01,1.000000e+00,-4.539905e-01
5.032023e-02,-3.267834e-02,1.888889e-01,1.000000e+00,-5.446390e-01
5.032023e-02,-3.267834e-02,1.833333e-01,1.000000e+00,-5.446390e-01
5.196152e-02,-3.000000e-02,1.888889e-01,1.000000e+00,-5.000000e-01
5.346039e-02,-2.723943e-02,2.000000e-01,1.000000e+00,-4.539905e-01
5.346039e-02,-2.723943e-02,1.944444e-01,1.000000e+00,-4.539905e-01
5.272903e-02,-2.862953e-02,2.000000e-01,1.000000e+00,-4.771588e-01
5.346039e-02,-2.723943e-02,1.972222e-01,1.000000e+00,-4.539905e-01
5.272903e-02,-2.862953e-02,1.972222e-01,1.000000e+00,-4.771588e-01
5.196152e-02,-3.000000e-02,1.944444e-01,1.000000e+00,-5.000000e-01
5.346039e-02,-2.723943e-02,3.333333e-02,1.000000e+00,-4.539905e-01
5.196152e-02,-3.000000e-02,3.333333e-02,1.000000e+00,-5.000000e-01
5.346039e-02,-2.723943e-02,2.777778e-02,1.000000e+00,-4.539905e-01
5.346039e-02,-2.723943e-02,3.888889e-02,1.000000e+00,-4.539905e-01
5.346039e-02,-2.723943e-02,5.555556e-02,1.000000e+00,-4.539905e-01
5.196152e-02,-3.000000e-02,5.555556e-02,1.000000e+00,-5.000000e-01
5.346039e-02,-2.723943e-02,5.000000e-02,1.000000e+00,-4.539905e-01
5.346039e-02,-2.723943e-02,6.111111e-02,1.000000e+00,-4.539905e-01
5.346039e-02,-2.723943e-02,7.777778e-02,1.000000e+00,-4.539905e-01
5.346039e-02,-2.723943e-02,7.222222e-02,1.000000e+00,-4.539905e-01
5.196152e-02,-3.000000e-02,7.777778e-02,1.000000e+00,-5.000000e-01
5.346039e-02,-2.723943e-02,8.333333e-02,1.000000e+00,-4.539905e-01
5.346039e-02,-2.723943e-02,1.000000e-01,1.000000e+00,-4.539905e-01
5.196152e-02,-3.000000e-02,1.000000e-01,1.000000e+00,-5.000000e-01
5.346039e-02,-2.723943e-02,9.444444e-02,1.000000e+00,-4.539905e-01
5.346039e-02,-2.723943e-02,1.055556e-01,1.000000e+00,-4.539905e-01
5.346039e-02,-2.723943e-02,1.222222e-01,1.000000e+00,-4.539905e-01
5.196152e-02,-3.000000e-02,1.222222e-01,1.000000e+00,-5.000000e-01
5.346039e-02,-2.723943e-02,1.166667e-01,1.000000e+00,-4.539905e-01
5.346039e-02,-2.723943e-02,1.277778e-01,1.000000e+00,-4.539905e-01
5.346039e-02,-2.723943e-02,1.444444e-01,1.000000e+00,-4.539905e-01
5.196152e-02,-3.000000e-02,1.444444e-01,1.000000e+00,-5.000000e-01
5.346039e-02,-2.723943e-02,1.388889e-01,1.000000e+00,-4.539905e-01
5.346039e-02,-2.723943e-02,1.500000e-01,1.000000e+00,-4.539905e-01
5.346039e-02,-2.723943e-02,1.666667e-01,1.000000e+00,-4.539905e-01
5.196152e-02,-3.000000e-02,1.666667e-01,1.000000e+00,-5.000000e-01
5.346039e-02,-2.723943e-02,1.611111e-01,1.000000e+00,-4.539905e-01
5.346039e-02,-2.723943e-02,1.722222e-01,1.000000e+00,-4.539905e-01
5.706339e-02,-1.854102e-02,2.000000e-01,1.000000e+00,-3.090170e-01
5.601483e-02,-2.150208e-02,2.000000e-01,1.000000e+00,-3.583679e-01
5.601483e-02,-2.150208e-02,1.944444e-01,1.000000e+00,-3.583679e-01
5.655849e-02,-2.002841e-02,2.000000e-01,1.000000e+00,-3.338069e-01
5.655849e-02,-2.002841e-02,1.972222e-01,1.000000e+00,-3.338069e-01
5.601483e-02,-2.150208e-02,1.972222e-01,1.000000e+00,-3.583679e-01
5.601483e-02,-2.150208e-02,2.222222e-02,1.000000e+00,-3.583679e-01
5.795555e-02,-1.552914e-02,2.222222e-02,1.000000e+00,-2.588190e-01
5.601483e-02,-2.150208e-02,1.111111e-02,1.000000e+00,-3.583679e-01
5.706339e-02,-1.854102e-02,2.222222e-02,1.000000e+00,-3.090170e-01
5.706339e-02,-1.854102e-02,1.666667e-02,1.000000e+00,-3.090170e-01
5.601483e-02,-2.150208e-02,1.666667e-02,1.000000e+00,-3.583679e-01
5.795555e-02,-1.552914e-02,3.333333e-02,1.000000e+00,-2.588190e-01
5.706339e-02,-1.854102e-02,2.777778e-02,1.000000e+00,-3.090170e-01
5.795555e-02,-1.552914e-02,2.777778e-02,1.000000e+00,-2.588190e-01
5.601483e-02,-2.150208e-02,3.333333e-02,1.000000e+00,-3.583679e-01
5.601483e-02,-2.150208e-02,2.777778e-02,1.000000e+00,-3.583679e-01
5.706339e-02,-1.854102e-02,3.333333e-02,1.000000e+00,-3.090170e-01
5.601483e-02,-2.150208e-02,4.444444e-02,1.000000e+00,-3.583679e-01
5.795555e-02,-1.552914e-02,4.444444e-02,1.000000e+00,-2.588190e-01
5.601483e-02,-2.150208e-02,3.888889e-02,1.000000e+00,-3.583679e-01
5.706339e-02,-1.854102e-02,4.444444e-02,1.000000e+00,-3.090170e-01
5.706339e-02,-1.854102e-02,3.888889e-02,1.000000e+00,-3.090170e-01
5.601483e-02,-2.150208e-02,5.555556e-02,1.000000e+00,-3.583679e-01
5.601483e-02,-2.150208e-02,5.000000e-02,1.000000e+00,-3.583679e-01
5.706339e-02,-1.854102e-02,5.000000e-02,1.000000e+00,-3.090170e-01
5.795555e-02,-1.552914e-02,6.666667e-02,1.000000e+00,-2.588190e-01
5.601483e-02,-2.150208e-02,6.666667e-02,1.000000e+00,-3.583679e-01
5.601483e-02,-2.150208e-02,7.777778e-02,1.000000e+00,-3.583679e-01
5.706339e-02,-1.854102e-02,6.666667e-02,1.000000e+00,-3.090170e-01
5.601483e-02,-2.150208e-02,7.222222e-02,1.000000e+00,-3.583679e-01
5.706339e-02,-1.854102e-02,7.222222e-02,1.000000e+00,-3.090170e-01
5.795555e-02,-1.552914e-02,5.555556e-02,1.000000e+00,-2.588190e-01
5.795555e-02,-1.552914e-02,6.111111e-02,1.000000e+00,-2.588190e-01
5.706339e-02,-1.854102e-02,6.111111e-02,1.000000e+00,-3.090170e-01
5.706339e-02,-1.854102e-02,5.555556e-02,1.000000e+00,-3.090170e-01
5.601483e-02,-2.150208e-02,6.111111e-02,1.000000e+00,-3.583679e-01
5.601483e-02,-2.150208e-02,8.888889e-02,1.000000e+00,-3.583679e-01
5.795555e-02,-1.552914e-02,8.888889e-02,1.000000e+00,-2.588190e-01
5.706339e-02,-1.854102e-02,8.888889e-02,1.000000e+00,-3.090170e-01
5.706339e-02,-1.854102e-02,8.333333e-02,1.000000e+00,-3.090170e-01
5.601483e-02,-2.150208e-02,8.333333e-02,1.000000e+00,-3.583679e-01
5.601483e-02,-2.150208e-02,1.000000e-01,1.000000e+00,-3.583679e-01
5.601483e-02,-2.150208e-02,9.444444e-02,1.000000e+00,-3.583679e-01
5.706339e-02,-1.854102e-02,9.444444e-02,1.000000e+00,-3.090170e-01
5.601483e-02,-2.150208e-02,1.111111e-01,1.000000e+00,-3.583679e-01
5.795555e-02,-1.552914e-02,1.111111e-01,1.000000e+00,-2.588190e-01
5.601483e-02,-2.150208e-02,1.055556e-01,1.000000e+00,-3.583679e-01
5.706339e-02,-1.854102e-02,1.111111e-01,1.000000e+00,-3.090170e-01
5.706339e-02,-1.854102e-02,1.055556e-01,1.000000e+00,-3.090170e-01
5.601483e-02,-2.150208e-02,1.222222e-01,1.000000e+00,-3.583679e-01
5.601483e-02,-2.150208e-02,1.166667e-01,1.000000e+00,-3.583679e-01
5.706339e-02,-1.854102e-02,1.166667e-01,1.000000e+00,-3.090170e-01
5.601483e-02,-2.150208e-02,1.333333e-01,1.000000e+00,-3.583679e-01
5.795555e-02,-1.552914e-02,1.333333e-01,1.000000e+00,-2.588190e-01
5.706339e-02,-1.854102e-02,1.333333e-01,1.000000e+00,-3.090170e-01
5.706339e-02,-1.854102e-02,1.277778e-01,1.000000e+00,-3.090170e-01
5.601483e-02,-2.150208e-02,1.277778e-01,1.000000e+00,-3.583679e-01
5.601483e-02,-2.150208e-02,1.444444e-01,1.000000e+00,-3.583679e-01
5.601483e-02,-2.150208e-02,1.388889e-01,1.000000e+00,-3.583679e-01
5.706339e-02,-1.854102e-02,1.388889e-01,1.000000e+00,-3.090170e-01
5.601483e-02,-2.150208e-02,1.555556e-01,1.000000e+00,-3.583679e-01
5.795555e-02,-1.552914e-02,1.555556e-01,1.000000e+00,-2.588190e-01
5.706339e-02,-1.854102e-02,1.555556e-01,1.000000e+00,-3.090170e-01
5.706339e-02,-1.854102e-02,1.500000e-01,1.000000e+00,-3.090170e-01
5.601483e-02,-2.150208e-02,1.500000e-01,1.000000e+00,-3.583679e-01
5.601483e-02,-2.150208e-02,1.666667e-01,1.000000e+00,-3.583679e-01
5.601483e-02,-2.150208e-02,1.611111e-01,1.000000e+00,-3.583679e-01
5.706339e-02,-1.854102e-02,1.611111e-01,1.000000e+00,-3.090170e-01
5.601483e-02,-2.150208e-02,1.777778e-01,1.000000e+00,-3.583679e-01
5.795555e-02,-1.552914e-02,1.777778e-01,1.000000e+00,-2.588190e-01
5.706339e-02,-1.854102e-02,1.777778e-01,1.000000e+00,-3.090170e-01
5.706339e-02,-1.854102e-02,1.722222e-01,1.000000e+00,-3.090170e-01
5.601483e-02,-2.150208e-02,1.722222e-01,1.000000e+00,-3.583679e-01
5.795555e-02,-1.552914e-02,1.888889e-01,1.000000e+00,-2.588190e-01
5.706339e-02,-1.854102e-02,1.833333e-01,1.000000e+00,-3.090170e-01
5.795555e-02,-1.552914e-02,1.833333e-01,1.000000e+00,-2.588190e-01
5.601483e-02,-2.150208e-02,1.888889e-01,1.000000e+00,-3.583679e-01
5.601483e-02,-2.150208e-02,1.833333e-01,1.000000e+00,-3.583679e-01
5.706339e-02,-1.854102e-02,1.888889e-01,1.000000e+00,-3.090170e-01
5.795555e-02,-1.552914e-02,2.000000e-01,1.000000e+00,-2.588190e-01
5.795555e-02,-1.552914e-02,1.944444e-01,1.000000e+00,-2.588190e-01
5.752918e-02,-1.704092e-02,2.000000e-01,1.000000e+00,-2.840153e-01
5.795555e-02,-1.552914e-02,1.972222e-01,1.000000e+00,-2.588190e-01
5.752918e-02,-1.704092e-02,1.972222e-01,1.000000e+00,-2.840153e-01
5.706339e-02,-1.854102e-02,1.944444e-01,1.000000e+00,-3.090170e-01
5.795555e-02,-1.552914e-02,1.111111e-02,1.000000e+00,-2.588190e-01
5.795555e-02,-1.552914e-02,1.666667e-02,1.000000e+00,-2.588190e-01
5.706339e-02,-1.854102e-02,1.111111e-02,1.000000e+00,-3.090170e-01
5.795555e-02,-1.552914e-02,3.888889e-02,1.000000e+00,-2.588190e-01
5.795555e-02,-1.552914e-02,5.000000e-02,1.000000e+00,-2.588190e-01
5.795555e-02,-1.552914e-02,7.777778e-02,1.000000e+00,-2.588190e-01
5.706339e-02,-1.854102e-02,7.777778e-02,1.000000e+00,-3.090170e-01
5.795555e-02,-1.552914e-02,7.222222e-02,1.000000e+00,-2.588190e-01
5.795555e-02,-1.552914e-02,8.333333e-02,1.000000e+00,-2.588190e-01
5.795555e-02,-1.552914e-02,1.000000e-01,1.000000e+00,-2.588190e-01
5.706339e-02,-1.854102e-02,1.000000e-01,1.000000e+00,-3.090170e-01
5.795555e-02,-1.552914e-02,9.444444e-02,1.000000e+00,-2.588190e-01
5.795555e-02,-1.552914e-02,1.055556e-01,1.000000e+00,-2.588190e-01
5.795555e-02,-1.552914e-02,1.222222e-01,1.000000e+00,-2.588190e-01
5.706339e-02,-1.854102e-02,1.222222e-01,1.000000e+00,-3.090170e-01
5.795555e-02,-1.552914e-02,1.166667e-01,1.000000e+00,-2.588190e-01
5.795555e-02,-1.552914e-02,1.277778e-01,1.000000e+00,-2.588190e-01
5.795555e-02,-1.552914e-02,1.444444e-01,1.000000e+00,-2.588190e-01
5.706339e-02,-1.854102e-02,1.444444e-01,1.000000e+00,-3.090170e-01
5.795555e-02,-1.552914e-02,1.388889e-01,1.000000e+00,-2.588190e-01
5.795555e-02,-1.552914e-02,1.500000e-01,1.000000e+00,-2.588190e-01
5.795555e-02,-1.552914e-02,1.666667e-01,1.000000e+00,-2.588190e-01
5.706339e-02,-1.854102e-02,1.666667e-01,1.000000e+00,-3.090170e-01
5.795555e-02,-1.552914e-02,1.611111e-01,1.000000e+00,-2.588190e-01
5.795555e-02,-1.552914e-02,1.722222e-01,1.000000e+00,-2.588190e-01
5.926130e-02,-9.386068e-03,2.000000e-01,1.000000e+00,-1.564345e-01
5.967131e-02,-6.271708e-03,2.000000e-01,1.000000e+00,-1.045285e-01
5.926130e-02,-9.386068e-03,1.944444e-01,1.000000e+00,-1.564345e-01
5.948669e-02,-7.831572e-03,2.000000e-01,1.000000e+00,-1.305262e-01
5.948669e-02,-7.831572e-03,1.972222e-01,1.000000e+00,-1.305262e-01
5.926130e-02,-9.386068e-03,1.972222e-01,1.000000e+00,-1.564345e-01
5.926130e-02,-9.386068e-03,2.222222e-02,1.000000e+00,-1.564345e-01
5.991777e-02,-3.140157e-03,2.222222e-02,1.000000e+00,-5.233596e-02
5.926130e-02,-9.386068e-03,1.111111e-02,1.000000e+00,-1.564345e-01
5.967131e-02,-6.271708e-03,2.222222e-02,1.000000e+00,-1.045285e-01
5.967131e-02,-6.271708e-03,1.666667e-02,1.000000e+00,-1.045285e-01
5.926130e-02,-9.386068e-03,1.666667e-02,1.000000e+00,-1.564345e-01
5.926130e-02,-9.386068e-03,3.333333e-02,1.000000e+00,-1.564345e-01
5.926130e-02,-9.386068e-03,2.777778e-02,1.000000e+00,-1.564345e-01
5.967131e-02,-6.271708e-03,2.777778e-02,1.000000e+00,-1.045285e-01
5.926130e-02,-9.386068e-03,4.444444e-02,1.000000e+00,-1.564345e-01
5.926130e-02,-9.386068e-03,5.555556e-02,1.000000e+00,-1.564345e-01
5.991777e-02,-3.140157e-03,4.444444e-02,1.000000e+00,-5.233596e-02
5.926130e-02,-9.386068e-03,5.000000e-02,1.000000e+00,-1.564345e-01
5.967131e-02,-6.271708e-03,5.000000e-02,1.000000e+00,-1.045285e-01
5.967131e-02,-6.271708e-03,4.444444e-02,1.000000e+00,-1.045285e-01
5.991777e-02,-3.140157e-03,3.333333e-02,1.000000e+00,-5.233596e-02
5.967131e-02,-6.271708e-03,3.888889e-02,1.000000e+00,-1.045285e-01
5.991777e-02,-3.140157e-03,3.888889e-02,1.000000e+00,-5.233596e-02
5.967131e-02,-6.271708e-03,3.333333e-02,1.000000e+00,-1.045285e-01
5.926130e-02,-9.386068e-03,3.888889e-02,1.000000e+00,-1.564345e-01
5.926130e-02,-9.386068e-03,6.666667e-02,1.000000e+00,-1.564345e-01
5.991777e-02,-3.140157e-03,6.666667e-02,1.000000e+00,-5.233596e-02
5.926130e-02,-9.386068e-03,6.111111e-02,1.000000e+00,-1.564345e-01
5.967131e-02,-6.271708e-03,6.666667e-02,1.000000e+00,-1.045285e-01
5.967131e-02,-6.271708e-03,6.111111e-02,1.000000e+00,-1.045285e-01
5.926130e-02,-9.386068e-03,7.777778e-02,1.000000e+00,-1.564345e-01
5.926130e-02,-9.386068e-03,7.222222e-02,1.000000e+00,-1.564345e-01
5.967131e-02,-6.271708e-03,7.222222e-02,1.000000e+00,-1.045285e-01
5.926130e-02,-9.386068e-03,8.888889e-02,1.000000e+00,-1.564345e-01
5.991777e-02,-3.140157e-03,8.888889e-02,1.000000e+00,-5.233596e-02
5.967131e-02,-6.271708e-03,8.888889e-02,1.000000e+00,-1.045285e-01
5.967131e-02,-6.271708e-03,8.333333e-02,1.000000e+00,-1.045285e-01
5.926130e-02,-9.386068e-03,8.333333e-02,1.000000e+00,-1.564345e-01
5.926130e-02,-9.386068e-03,1.000000e-01,1.000000e+00,-1.564345e-01
5.926130e-02,-9.386068e-03,9.444444e-02,1.000000e+00,-1.564345e-01
5.967131e-02,-6.271708e-03,9.444444e-02,1.000000e+00,-1.045285e-01
5.926130e-02,-9.386068e-03,1.111111e-01,1.000000e+00,-1.564345e-01
5.991777e-02,-3.140157e-03,1.111111e-01,1.000000e+00,-5.233596e-02
5.967131e-02,-6.271708e-03,1.111111e-01,1.000000e+00,-1.045285e-01
5.967131e-02,-6.271708e-03,1.055556e-01,1.000000e+00,-1.045285e-01
5.926130e-02,-9.386068e-03,1.055556e-01,1.000000e+00,-1.564345e-01
5.926130e-02,-9.386068e-03,1.222222e-01,1.000000e+00,-1.564345e-01
5.926130e-02,-9.386068e-03,1.166667e-01,1.000000e+00,-1.564345e-01
5.967131e-02,-6.271708e-03,1.166667e-01,1.000000e+00,-1.045285e-01
5.926130e-02,-9.386068e-03,1.333333e-01,1.000000e+00,-1.564345e-01
5.991777e-02,-3.140157e-03,1.333333e-01,1.000000e+00,-5.233596e-02
5.967131e-02,-6.271708e-03,1.333333e-01,1.000000e+00,-1.045285e-01
5.967131e-02,-6.271708e-03,1.277778e-01,1.000000e+00,-1.045285e-01
5.926130e-02,-9.386068e-03,1.277778e-01,1.000000e+00,-1.564345e-01
5.926130e-02,-9.386068e-03,1.444444e-01,1.000000e+00,-1.564345e-01
5.926130e-02,-9.386068e-03,1.388889e-01,1.000000e+00,-1.564345e-01
5.967131e-02,-6.271708e-03,1.388889e-01,1.000000e+00,-1.045285e-01
5.926130e-02,-9.386068e-03,1.555556e-01,1.000000e+00,-1.564345e-01
5.991777e-02,-3.140157e-03,1.555556e-01,1.000000e+00,-5.233596e-02
5.967131e-02,-6.271708e-03,1.555556e-01,1.000000e+00,-1.045285e-01
5.967131e-02,-6.271708e-03,1.500000e-01,1.000000e+00,-1.045285e-01
5.926130e-02,-9.386068e-03,1.500000e-01,1.000000e+00,-1.564345e-01
5.926130e-02,-9.386068e-03,1.666667e-01,1.000000e+00,-1.564345e-01
5.926130e-02,-9.386068e-03,1.611111e-01,1.000000e+00,-1.564345e-01
5.967131e-02,-6.271708e-03,1.611111e-01,1.000000e+00,-1.045285e-01
5.926130e-02,-9.386068e-03,1.777778e-01,1.000000e+00,-1.564345e-01
5.991777e-02,-3.140157e-03,1.777778e-01,1.000000e+00,-5.233596e-02
5.967131e-02,-6.271708e-03,1.777778e-01,1.000000e+00,-1.045285e-01
5.967131e-02,-6.271708e-03,1.722222e-01,1.000000e+00,-1.045285e-01
5.926130e-02,-9.386068e-03,1.722222e-01,1.000000e+00,-1.564345e-01
5.991777e-02,-3.140157e-03,1.888889e-01,1.000000e+00,-5.233596e-02
5.967131e-02,-6.271708e-03,1.833333e-01,1.000000e+00,-1.045285e-01
5.991777e-02,-3.140157e-03,1.833333e-01,1.000000e+00,-5.233596e-02
5.926130e-02,-9.386068e-03,1.888889e-01,1.000000e+00,-1.564345e-01
5.926130e-02,-9.386068e-03,1.833333e-01,1.000000e+00,-1.564345e-01
5.967131e-02,-6.271708e-03,1.888889e-01,1.000000e+00,-1.045285e-01
5.991777e-02,-3.140157e-03,2.000000e-01,1.000000e+00,-5.233596e-02
5.991777e-02,-3.140157e-03,1.944444e-01,1.000000e+00,-5.233596e-02
5.991777e-02,-3.140157e-03,1.972222e-01,1.000000e+00,-5.233596e-02
5.981504e-02,-4.707546e-03,1.972222e-01,1.000000e+00,-7.845910e-02
5.981504e-02,-4.707546e-03,2.000000e-01,1.000000e+00,-7.845910e-02
5.967131e-02,-6.271708e-03,1.944444e-01,1.000000e+00,-1.045285e-01
5.991777e-02,-3.140157e-03,1.111111e-02,1.000000e+00,-5.233596e-02
5.991777e-02,-3.140157e-03,1.666667e-02,1.000000e+00,-5.233596e-02
5.967131e-02,-6.271708e-03,1.111111e-02,1.000000e+00,-1.045285e-01
5.991777e-02,-3.140157e-03,2.777778e-02,1.000000e+00,-5.233596e-02
5.991777e-02,-3.140157e-03,5.555556e-02,1.000000e+00,-5.233596e-02
5.967131e-02,-6.271708e-03,5.555556e-02,1.000000e+00,-1.045285e-01
5.991777e-02,-3.140157e-03,5.000000e-02,1.000000e+00,-5.233596e-02
5.991777e-02,-3.140157e-03,6.111111e-02,1.000000e+00,-5.233596e-02
5.991777e-02,-3.140157e-03,7.777778e-02,1.000000e+00,-5.233596e-02
5.967131e-02,-6.271708e-03,7.777778e-02,1.000000e+00,-1.045285e-01
5.991777e-02,-3.140157e-03,7.222222e-02,1.000000e+00,-5.233596e-02
5.991777e-02,-3.140157e-03,8.333333e-02,1.000000e+00,-5.233596e-02
5.991777e-02,-3.140157e-03,1.000000e-01,1.000000e+00,-5.233596e-02
5.967131e-02,-6.271708e-03,1.000000e-01,1.000000e+00,-1.045285e-01
5.991777e-02,-3.140157e-03,9.444444e-02,1.000000e+00,-5.233596e-02
5.991777e-02,-3.140157e-03,1.055556e-01,1.000000e+00,-5.233596e-02
5.991777e-02,-3.140157e-03,1.222222e-01,1.000000e+00,-5.233596e-02
5.967131e-02,-6.271708e-03,1.222222e-01,1.000000e+00,-1.045285e-01
5.991777e-02,-3.140157e-03,1.166667e-01,1.000000e+00,-5.233596e-02
5.991777e-02,-3.140157e-03,1.277778e-01,1.000000e+00,-5.233596e-02
5.991777e-02,-3.140157e-03,1.444444e-01,1.000000e+00,-5.233596e-02
5.967131e-02,-6.271708e-03,1.444444e-01,1.000000e+00,-1.045285e-01
5.991777e-02,-3.140157e-03,1.388889e-01,1.000000e+00,-5.233596e-02
5.991777e-02,-3.140157e-03,1.500000e-01,1.000000e+00,-5.233596e-02
5.991777e-02,-3.140157e-03,1.666667e-01,1.000000e+00,-5.233596e-02
5.967131e-02,-6.271708e-03,1.666667e-01,1.000000e+00,-1.045285e-01
5.991777e-02,-3.140157e-03,1.611111e-01,1.000000e+00,-5.233596e-02
5.991777e-02,-3.140157e-03,1.722222e-01,1.000000e+00,-5.233596e-02
5.991777e-02,3.140157e-03,2.000000e-01,1.000000e+00,5.233596e-02
5.991777e-02,3.140157e-03,1.944444e-01,1.000000e+00,5.233596e-02
5.967131e-02,6.271708e-03,2.000000e-01,1.000000e+00,1.045285e-01
5.991777e-02,3.140157e-03,1.972222e-01,1.000000e+00,5.233596e-02
5.981504e-02,4.707546e-03,2.000000e-01,1.000000e+00,7.845910e-02
5.981504e-02,4.707546e-03,1.972222e-01,1.000000e+00,7.845910e-02
5.991777e-02,3.140157e-03,2.222222e-02,1.000000e+00,5.233596e-02
5.926130e-02,9.386068e-03,2.222222e-02,1.000000e+00,1.564345e-01
5.991777e-02,3.140157e-03,1.111111e-02,1.000000e+00,5.233596e-02
5.967131e-02,6.271708e-03,2.222222e-02,1.000000e+00,1.045285e-01
5.967131e-02,6.271708e-03,1.666667e-02,1.000000e+00,1.045285e-01
5.991777e-02,3.140157e-03,1.666667e-02,1.000000e+00,5.233596e-02
5.991777e-02,3.140157e-03,3.333333e-02,1.000000e+00,5.233596e-02
5.991777e-02,3.140157e-03,2.777778e-02,1.000000e+00,5.233596e-02
5.967131e-02,6.271708e-03,2.777778e-02,1.000000e+00,1.045285e-01
5.991777e-02,3.140157e-03,4.444444e-02,1.000000e+00,5.233596e-02
5.991777e-02,3.140157e-03,5.555556e-02,1.000000e+00,5.233596e-02
5.926130e-02,9.386068e-03,4.444444e-02,1.000000e+00,1.564345e-01
5.991777e-02,3.140157e-03,5.000000e-02,1.000000e+00,5.233596e-02
5.967131e-02,6.271708e-03,5.000000e-02,1.000000e+00,1.045285e-01
5.967131e-02,6.271708e-03,4.444444e-02,1.000000e+00,1.045285e-01
5.926130e-02,9.386068e-03,3.333333e-02,1.000000e+00,1.564345e-01
5.926130e-02,9.386068e-03,3.888889e-02,1.000000e+00,1.564345e-01
5.967131e-02,6.271708e-03,3.888889e-02,1.000000e+00,1.045285e-01
5.967131e-02,6.271708e-03,3.333333e-02,1.000000e+00,1.045285e-01
5.991777e-02,3.140157e-03,3.888889e-02,1.000000e+00,5.233596e-02
5.991777e-02,3.140157e-03,6.666667e-02,1.000000e+00,5.233596e-02
5.926130e-02,9.386068e-03,6.666667e-02,1.000000e+00,1.564345e-01
5.967131e-02,6.271708e-03,6.666667e-02,1.000000e+00,1.045285e-01
5.967131e-02,6.271708e-03,6.111111e-02,1.000000e+00,1.045285e-01
5.991777e-02,3.140157e-03,6.111111e-02,1.000000e+00,5.233596e-02
5.991777e-02,3.140157e-03,7.777778e-02,1.000000e+00,5.233596e-02
5.991777e-02,3.140157e-03,7.222222e-02,1.000000e+00,5.233596e-02
5.967131e-02,6.271708e-03,7.222222e-02,1.000000e+00,1.045285e-01
5.991777e-02,3.140157e-03,8.888889e-02,1.000000e+00,5.233596e-02
5.926130e-02,9.386068e-03,8.888889e-02,1.000000e+00,1.564345e-01
5.967131e-02,6.271708e-03,8.888889e-02,1.000000e+00,1.045285e-01
5.967131e-02,6.271708e-03,8.333333e-02,1.000000e+00,1.045285e-01
5.991777e-02,3.140157e-03,8.333333e-02,1.000000e+00,5.233596e-02
5.991777e-02,3.140157e-03,1.000000e-01,1.000000e+00,5.233596e-02
5.991777e-02,3.140157e-03,9.444444e-02,1.000000e+00,5.233596e-02
5.967131e-02,6.271708e-03,9.444444e-02,1.000000e+00,1.045285e-01
5.991777e-02,3.140157e-03,1.111111e-01,1.000000e+00,5.233596e-02
5.926130e-02,9.386068e-03,1.111111e-01,1.000000e+00,1.564345e-01
5.967131e-02,6.271708e-03,1.111111e-01,1.000000e+00,1.045285e-01
5.967131e-02,6.271708e-03,1.055556e-01,1.000000e+00,1.045285e-01
5.991777e-02,3.140157e-03,1.055556e-01,1.000000e+00,5.233596e-02
5.991777e-02,3.140157e-03,1.222222e-01,1.000000e+00,5.233596e-02
5.991777e-02,3.140157e-03,1.166667e-01,1.000000e+00,5.233596e-02
5.967131e-02,6.271708e-03,1.166667e-01,1.000000e+00,1.045285e-01
5.991777e-02,3.140157e-03,1.333333e-01,1.000000e+00,5.233596e-02
5.926130e-02,9.386068e-03,1.333333e-01,1.000000e+00,1.564345e-01
5.967131e-02,6.271708e-03,1.333333e-01,1.000000e+00,1.045285e-01
5.967131e-02,6.271708e-03,1.277778e-01,1.000000e+00,1.045285e-01
5.991777e-02,3.140157e-03,1.277778e-01,1.000000e+00,5.233596e-02
5.991777e-02,3.140157e-03,1.444444e-01,1.000000e+00,5.233596e-02
5.991777e-02,3.140157e-03,1.388889e-01,1.000000e+00,5.233596e-02
5.967131e-02,6.271708e-03,1.388889e-01,1.000000e+00,1.045285e-01
5.991777e-02,3.140157e-03,1.555556e-01,1.000000e+00,5.233596e-02
5.926130e-02,9.386068e-03,1.555556e-01,1.000000e+00,1.564345e-01
5.991777e-02,3.140157e-03,1.500000e-01,1.000000e+00,5.233596e-02
5.967131e-02,6.271708e-03,1.555556e-01,1.000000e+00,1.045285e-01
5.967131e-02,6.271708e-03,1.500000e-01,1.000000e+00,1.045285e-01
5.991777e-02,3.140157e-03,1.666667e-01,1.000000e+00,5.233596e-02
5.991777e-02,3.140157e-03,1.611111e-01,1.000000e+00,5.233596e-02
5.967131e-02,6.271708e-03,1.611111e-01,1.000000e+00,1.045285e-01
5.991777e-02,3.140157e-03,1.777778e-01,1.000000e+00,5.233596e-02
5.926130e-02,9.386068e-03,1.777778e-01,1.000000e+00,1.564345e-01
5.967131e-02,6.271708e-03,1.777778e-01,1.000000e+00,1.045285e-01
5.967131e-02,6.271708e-03,1.722222e-01,1.000000e+00,1.045285e-01
5.991777e-02,3.140157e-03,1.722222e-01,1.000000e+00,5.233596e-02
5.926130e-02,9.386068e-03,1.888889e-01,1.000000e+00,1.564345e-01
5.967131e-02,6.271708e-03,1.833333e-01,1.000000e+00,1.045285e-01
5.926130e-02,9.386068e-03,1.833333e-01,1.000000e+00,1.564345e-01
5.991777e-02,3.140157e-03,1.888889e-01,1.000000e+00,5.233596e-02
5.991777e-02,3.140157e-03,1.833333e-01,1.000000e+00,5.233596e-02
5.967131e-02,6.271708e-03,1.888889e-01,1.000000e+00,1.045285e-01
5.926130e-02,9.386068e-03,2.000000e-01,1.000000e+00,1.564345e-01
5.926130e-02,9.386068e-03,1.944444e-01,1.000000e+00,1.564345e-01
5.926130e-02,9.386068e-03,1.972222e-01,1.000000e+00,1.564345e-01
5.948669e-02,7.831572e-03,1.972222e-01,1.000000e+00,1.305262e-01
5.948669e-02,7.831572e-03,2.000000e-01,1.000000e+00,1.305262e-01
5.967131e-02,6.271708e-03,1.944444e-01,1.000000e+00,1.045285e-01
5.926130e-02,9.386068e-03,1.111111e-02,1.000000e+00,1.564345e-01
5.926130e-02,9.386068e-03,1.666667e-02,1.000000e+00,1.564345e-01
5.967131e-02,6.271708e-03,1.111111e-02,1.000000e+00,1.045285e-01
5.926130e-02,9.386068e-03,2.777778e-02,1.000000e+00,1.564345e-01
5.926130e-02,9.386068e-03,5.555556e-02,1.000000e+00,1.564345e-01
5.926130e-02,9.386068e-03,5.000000e-02,1.000000e+00,1.564345e-01
5.967131e-02,6.271708e-03,5.555556e-02,1.000000e+00,1.045285e-01
5.926130e-02,9.386068e-03,6.111111e-02,1.000000e+00,1.564345e-01
5.926130e-02,9.386068e-03,7.777778e-02,1.000000e+00,1.564345e-01
5.967131e-02,6.271708e-03,7.777778e-02,1.000000e+00,1.045285e-01
5.926130e-02,9.386068e-03,7.222222e-02,1.000000e+00,1.564345e-01
5.926130e-02,9.386068e-03,8.333333e-02,1.000000e+00,1.564345e-01
5.926130e-02,9.386068e-03,1.000000e-01,1.000000e+00,1.564345e-01
5.967131e-02,6.271708e-03,1.000000e-01,1.000000e+00,1.045285e-01
5.926130e-02,9.386068e-03,9.444444e-02,1.000000e+00,1.564345e-01
5.926130e-02,9.386068e-03,1.055556e-01,1.000000e+00,1.564345e-01
5.926130e-02,9.386068e-03,1.222222e-01,1.000000e+00,1.564345e-01
5.967131e-02,6.271708e-03,1.222222e-01,1.000000e+00,1.045285e-01
5.926130e-02,9.386068e-03,1.166667e-01,1.000000e+00,1.564345e-01
5.926130e-02,9.386068e-03,1.277778e-01,1.000000e+00,1.564345e-01
5.926130e-02,9.386068e-03,1.444444e-01,1.000000e+00,1.564345e-01
5.967131e-02,6.271708e-03,1.444444e-01,1.000000e+00,1.045285e-01
5.926130e-02,9.386068e-03,1.388889e-01,1.000000e+00,1.564345e-01
5.926130e-02,9.386068e-03,1.500000e-01,1.000000e+00,1.564345e-01
5.926130e-02,9.386068e-03,1.666667e-01,1.000000e+00,1.564345e-01
5.967131e-02,6.271708e-03,1.666667e-01,1.000000e+00,1.045285e-01
5.926130e-02,9.386068e-03,1.611111e-01,1.000000e+00,1.564345e-01
5.926130e-02,9.386068e-03,1.722222e-01,1.000000e+00,1.564345e-01
5.706339e-02,1.854102e-02,2.000000e-01,1.000000e+00,3.090170e-01
5.795555e-02,1.552914e-02,2.000000e-01,1.000000e+00,2.588190e-01
5.795555e-02,1.552914e-02,1.944444e-01,1.000000e+00,2.588190e-01
5.752918e-02,1.704092e-02,2.000000e-01,1.000000e+00,2.840153e-01
5.752918e-02,1.704092e-02,1.972222e-01,1.000000e+00,2.840153e-01
5.795555e-02,1.552914e-02,1.972222e-01,1.000000e+00,2.588190e-01
5.795555e-02,1.552914e-02,2.222222e-02,1.000000e+00,2.588190e-01
5.601483e-02,2.150208e-02,2.222222e-02,1.000000e+00,3.583679e-01
5.795555e-02,1.552914e-02,1.111111e-02,1.000000e+00,2.588190e-01
5.706339e-02,1.854102e-02,2.222222e-02,1.000000e+00,3.090170e-01
5.706339e-02,1.854102e-02,1.666667e-02,1.000000e+00,3.090170e-01
5.795555e-02,1.552914e-02,1.666667e-02,1.000000e+00,2.588190e-01
5.601483e-02,2.150208e-02,3.333333e-02,1.000000e+00,3.583679e-01
5.706339e-02,1.854102e-02,2.777778e-02,1.000000e+00,3.090170e-01
5.601483e-02,2.150208e-02,2.777778e-02,1.000000e+00,3.583679e-01
5.795555e-02,1.552914e-02,3.333333e-02,1.000000e+00,2.588190e-01
5.795555e-02,1.552914e-02,2.777778e-02,1.000000e+00,2.588190e-01
5.706339e-02,1.854102e-02,3.333333e-02,1.000000e+00,3.090170e-01
5.795555e-02,1.552914e-02,4.444444e-02,1.000000e+00,2.588190e-01
5.601483e-02,2.150208e-02,4.444444e-02,1.000000e+00,3.583679e-01
5.706339e-02,1.854102e-02,4.444444e-02,1.000000e+00,3.090170e-01
5.706339e-02,1.854102e-02,3.888889e-02,1.000000e+00,3.090170e-01
5.795555e-02,1.552914e-02,3.888889e-02,1.000000e+00,2.588190e-01
5.795555e-02,1.552914e-02,5.555556e-02,1.000000e+00,2.588190e-01
5.795555e-02,1.552914e-02,5.000000e-02,1.000000e+00,2.588190e-01
5.706339e-02,1.854102e-02,5.000000e-02,1.000000e+00,3.090170e-01
5.795555e-02,1.552914e-02,6.666667e-02,1.000000e+00,2.588190e-01
5.601483e-02,2.150208e-02,6.666667e-02,1.000000e+00,3.583679e-01
5.706339e-02,1.854102e-02,6.666667e-02,1.000000e+00,3.090170e-01
5.706339e-02,1.854102e-02,6.111111e-02,1.000000e+00,3.090170e-01
5.795555e-02,1.552914e-02,6.111111e-02,1.000000e+00,2.588190e-01
5.795555e-02,1.552914e-02,7.777778e-02,1.000000e+00,2.588190e-01
5.795555e-02,1.552914e-02,7.222222e-02,1.000000e+00,2.588190e-01
5.706339e-02,1.854102e-02,7.222222e-02,1.000000e+00,3.090170e-01
5.795555e-02,1.552914e-02,8.888889e-02,1.000000e+00,2.588190e-01
5.601483e-02,2.150208e-02,8.888889e-02,1.000000e+00,3.583679e-01
5.706339e-02,1.854102e-02,8.888889e-02,1.000000e+00,3.090170e-01
5.706339e-02,1.854102e-02,8.333333e-02,1.000000e+00,3.090170e-01
5.795555e-02,1.552914e-02,8.333333e-02,1.000000e+00,2.588190e-01
5.795555e-02,1.552914e-02,1.000000e-01,1.000000e+00,2.588190e-01
5.795555e-02,1.552914e-02,9.444444e-02,1.000000e+00,2.588190e-01
5.706339e-02,1.854102e-02,9.444444e-02,1.000000e+00,3.090170e-01
5.795555e-02,1.552914e-02,1.111111e-01,1.000000e+00,2.588190e-01
5.601483e-02,2.150208e-02,1.111111e-01,1.000000e+00,3.583679e-01
5.795555e-02,1.552914e-02,1.055556e-01,1.000000e+00,2.588190e-01
5.706339e-02,1.854102e-02,1.111111e-01,1.000000e+00,3.090170e-01
5.706339e-02,1.854102e-02,1.055556e-01,1.000000e+00,3.090170e-01
5.795555e-02,1.552914e-02,1.222222e-01,1.000000e+00,2.588190e-01
5.795555e-02,1.552914e-02,1.166667e-01,1.000000e+00,2.588190e-01
5.706339e-02,1.854102e-02,1.166667e-01,1.000000e+00,3.090170e-01
5.795555e-02,1.552914e-02,1.333333e-01,1.000000e+00,2.588190e-01
5.601483e-02,2.150208e-02,1.333333e-01,1.000000e+00,3.583679e-01
5.706339e-02,1.854102e-02,1.333333e-01,1.000000e+00,3.090170e-01
5.706339e-02,1.854102e-02,1.277778e-01,1.000000e+00,3.090170e-01
5.795555e-02,1.552914e-02,1.277778e-01,1.000000e+00,2.588190e-01
5.795555e-02,1.552914e-02,1.444444e-01,1.000000e+00,2.588190e-01
5.795555e-02,1.552914e-02,1.388889e-01,1.000000e+00,2.588190e-01
5.706339e-02,1.854102e-02,1.388889e-01,1.000000e+00,3.090170e-01
5.795555e-02,1.552914e-02,1.555556e-01,1.000000e+00,2.588190e-01
5.601483e-02,2.150208e-02,1.555556e-01,1.000000e+00,3.583679e-01
5.795555e-02,1.552914e-02,1.500000e-01,1.000000e+00,2.588190e-01
5.706339e-02,1.854102e-02,1.555556e-01,1.000000e+00,3.090170e-01
5.706339e-02,1.854102e-02,1.500000e-01,1.000000e+00,3.090170e-01
5.795555e-02,1.552914e-02,1.666667e-01,1.000000e+00,2.588190e-01
5.795555e-02,1.552914e-02,1.611111e-01,1.000000e+00,2.588190e-01
5.706339e-02,1.854102e-02,1.611111e-01,1.000000e+00,3.090170e-01
5.795555e-02,1.552914e-02,1.777778e-01,1.000000e+00,2.588190e-01
5.601483e-02,2.150208e-02,1.777778e-01,1.000000e+00,3.583679e-01
5.706339e-02,1.854102e-02,1.777778e-01,1.000000e+00,3.090170e-01
5.706339e-02,1.854102e-02,1.722222e-01,1.000000e+00,3.090170e-01
5.795555e-02,1.552914e-02,1.722222e-01,1.000000e+00,2.588190e-01
5.601483e-02,2.150208e-02,1.888889e-01,1.000000e+00,3.583679e-01
5.706339e-02,1.854102e-02,1.833333e-01,1.000000e+00,3.090170e-01
5.601483e-02,2.150208e-02,1.833333e-01,1.000000e+00,3.583679e-01
5.795555e-02,1.552914e-02,1.888889e-01,1.000000e+00,2.588190e-01
5.795555e-02,1.552914e-02,1.833333e-01,1.000000e+00,2.588190e-01
5.706339e-02,1.854102e-02,1.888889e-01,1.000000e+00,3.090170e-01
5.601483e-02,2.150208e-02,2.000000e-01,1.000000e+00,3.583679e-01
5.601483e-02,2.150208e-02,1.944444e-01,1.000000e+00,3.583679e-01
5.601483e-02,2.150208e-02,1.972222e-01,1.000000e+00,3.583679e-01
5.655849e-02,2.002841e-02,1.972222e-01,1.000000e+00,3.338069e-01
5.655849e-02,2.002841e-02,2.000000e-01,1.000000e+00,3.338069e-01
5.706339e-02,1.854102e-02,1.944444e-01,1.000000e+00,3.090170e-01
5.601483e-02,2.150208e-02,1.111111e-02,1.000000e+00,3.583679e-01
5.601483e-02,2.150208e-02,1.666667e-02,1.000000e+00,3.583679e-01
5.706339e-02,1.854102e-02,1.111111e-02,1.000000e+00,3.090170e-01
5.601483e-02,2.150208e-02,3.888889e-02,1.000000e+00,3.583679e-01
5.601483e-02,2.150208e-02,5.555556e-02,1.000000e+00,3.583679e-01
5.601483e-02,2.150208e-02,5.000000e-02,1.000000e+00,3.583679e-01
5.706339e-02,1.854102e-02,5.555556e-02,1.000000e+00,3.090170e-01
5.601483e-02,2.150208e-02,6.111111e-02,1.000000e+00,3.583679e-01
5.601483e-02,2.150208e-02,7.777778e-02,1.000000e+00,3.583679e-01
5.706339e-02,1.854102e-02,7.777778e-02,1.000000e+00,3.090170e-01
5.601483e-02,2.150208e-02,7.222222e-02,1.000000e+00,3.583679e-01
5.601483e-02,2.150208e-02,8.333333e-02,1.000000e+00,3.583679e-01
5.601483e-02,2.150208e-02,1.000000e-01,1.000000e+00,3.583679e-01
5.706339e-02,1.854102e-02,1.000000e-01,1.000000e+00,3.090170e-01
5.601483e-02,2.150208e-02,9.444444e-02,1.000000e+00,3.583679e-01
5.601483e-02,2.150208e-02,1.055556e-01,1.000000e+00,3.583679e-01
5.601483e-02,2.150208e-02,1.222222e-01,1.000000e+00,3.583679e-01
5.706339e-02,1.854102e-02,1.222222e-01,1.000000e+00,3.090170e-01
5.601483e-02,2.150208e-02,1.166667e-01,1.000000e+00,3.583679e-01
5.601483e-02,2.150208e-02,1.277778e-01,1.000000e+00,3.583679e-01
5.601483e-02,2.150208e-02,1.444444e-01,1.000000e+00,3.583679e-01
5.706339e-02,1.854102e-02,1.444444e-01,1.000000e+00,3.090170e-01
5.601483e-02,2.150208e-02,1.388889e-01,1.000000e+00,3.583679e-01
5.601483e-02,2.150208e-02,1.500000e-01,1.000000e+00,3.583679e-01
5.601483e-02,2.150208e-02,1.666667e-01,1.000000e+00,3.583679e-01
5.706339e-02,1.854102e-02,1.666667e-01,1.000000e+00,3.090170e-01
5.601483e-02,2.150208e-02,1.611111e-01,1.000000e+00,3.583679e-01
5.601483e-02,2.150208e-02,1.722222e-01,1.000000e+00,3.583679e-01
5.346039e-02,2.723943e-02,2.000000e-01,1.000000e+00,4.539905e-01
5.346039e-02,2.723943e-02,1.944444e-01,1.000000e+00,4.539905e-01
5.196152e-02,3.000000e-02,2.000000e-01,1.000000e+00,5.000000e-01
5.346039e-02,2.723943e-02,1.972222e-01,1.000000e+00,4.539905e-01
5.272903e-02,2.862953e-02,2.000000e-01,1.000000e+00,4.771588e-01
5.272903e-02,2.862953e-02,1.972222e-01,1.000000e+00,4.771588e-01
5.346039e-02,2.723943e-02,1.111111e-02,1.000000e+00,4.539905e-01
5.346039e-02,2.723943e-02,2.222222e-02,1.000000e+00,4.539905e-01
5.032023e-02,3.267834e-02,2.222222e-02,1.000000e+00,5.446390e-01
5.346039e-02,2.723943e-02,1.666667e-02,1.000000e+00,4.539905e-01
5.196152e-02,3.000000e-02,2.222222e-02,1.000000e+00,5.000000e-01
5.196152e-02,3.000000e-02,1.666667e-02,1.000000e+00,5.000000e-01
5.346039e-02,2.723943e-02,3.333333e-02,1.000000e+00,4.539905e-01
5.346039e-02,2.723943e-02,2.777778e-02,1.000000e+00,4.539905e-01
5.196152e-02,3.000000e-02,2.777778e-02,1.000000e+00,5.000000e-01
5.032023e-02,3.267834e-02,4.444444e-02,1.000000e+00,5.446390e-01
5.346039e-02,2.723943e-02,4.444444e-02,1.000000e+00,4.539905e-01
5.346039e-02,2.723943e-02,5.555556e-02,1.000000e+00,4.539905e-01
5.196152e-02,3.000000e-02,4.444444e-02,1.000000e+00,5.000000e-01
5.346039e-02,2.723943e-02,5.000000e-02,1.000000e+00,4.539905e-01
5.196152e-02,3.000000e-02,5.000000e-02,1.000000e+00,5.000000e-01
5.032023e-02,3.267834e-02,3.333333e-02,1.000000e+00,5.446390e-01
5.032023e-02,3.267834e-02,3.888889e-02,1.000000e+00,5.446390e-01
5.196152e-02,3.000000e-02,3.888889e-02,1.000000e+00,5.000000e-01
5.196152e-02,3.000000e-02,3.333333e-02,1.000000e+00,5.000000e-01
5.346039e-02,2.723943e-02,3.888889e-02,1.000000e+00,4.539905e-01
5.346039e-02,2.723943e-02,6.666667e-02,1.000000e+00,4.539905e-01
5.346039e-02,2.723943e-02,7.777778e-02,1.000000e+00,4.539905e-01
5.032023e-02,3.267834e-02,6.666667e-02,1.000000e+00,5.446390e-01
5.346039e-02,2.723943e-02,7.222222e-02,1.000000e+00,4.539905e-01
5.196152e-02,3.000000e-02,7.222222e-02,1.000000e+00,5.000000e-01
5.196152e-02,3.000000e-02,6.666667e-02,1.000000e+00,5.000000e-01
5.032023e-02,3.267834e-02,5.555556e-02,1.000000e+00,5.446390e-01
5.032023e-02,3.267834e-02,6.111111e-02,1.000000e+00,5.446390e-01
5.196152e-02,3.000000e-02,6.111111e-02,1.000000e+00,5.000000e-01
5.196152e-02,3.000000e-02,5.555556e-02,1.000000e+00,5.000000e-01
5.346039e-02,2.723943e-02,6.111111e-02,1.000000e+00,4.539905e-01
5.346039e-02,2.723943e-02,8.888889e-02,1.000000e+00,4.539905e-01
5.032023e-02,3.267834e-02,8.888889e-02,1.000000e+00,5.446390e-01
5.196152e-02,3.000000e-02,8.888889e-02,1.000000e+00,5.000000e-01
5.196152e-02,3.000000e-02,8.333333e-02,1.000000e+00,5.000000e-01
5.346039e-02,2.723943e-02,8.333333e-02,1.000000e+00,4.539905e-01
5.346039e-02,2.723943e-02,1.000000e-01,1.000000e+00,4.539905e-01
5.346039e-02,2.723943e-02,9.444444e-02,1.000000e+00,4.539905e-01
5.196152e-02,3.000000e-02,9.444444e-02,1.000000e+00,5.000000e-01
5.346039e-02,2.723943e-02,1.111111e-01,1.000000e+00,4.539905e-01
5.032023e-02,3.267834e-02,1.111111e-01,1.000000e+00,5.446390e-01
5.346039e-02,2.723943e-02,1.055556e-01,1.000000e+00,4.539905e-01
5.196152e-02,3.000000e-02,1.111111e-01,1.000000e+00,5.000000e-01
5.196152e-02,3.000000e-02,1.055556e-01,1.000000e+00,5.000000e-01
5.346039e-02,2.723943e-02,1.222222e-01,1.000000e+00,4.539905e-01
5.346039e-02,2.723943e-02,1.166667e-01,1.000000e+00,4.539905e-01
5.196152e-02,3.000000e-02,1.166667e-01,1.000000e+00,5.000000e-01
5.346039e-02,2.723943e-02,1.333333e-01,1.000000e+00,4.539905e-01
5.032023e-02,3.267834e-02,1.333333e-01,1.000000e+00,5.446390e-01
5.346039e-02,2.723943e-02,1.277778e-01,1.000000e+00,4.539905e-01
5.196152e-02,3.000000e-02,1.333333e-01,1.000000e+00,5.000000e-01
5.196152e-02,3.000000e-02,1.277778e-01,1.000000e+00,5.000000e-01
5.346039e-02,2.723943e-02,1.444444e-01,1.000000e+00,4.539905e-01
5.346039e-02,2.723943e-02,1.388889e-01,1.000000e+00,4.539905e-01
5.196152e-02,3.000000e-02,1.388889e-01,1.000000e+00,5.000000e-01
5.346039e-02,2.723943e-02,1.555556e-01,1.000000e+00,4.539905e-01
5.032023e-02,3.267834e-02,1.555556e-01,1.000000e+00,5.446390e-01
5.346039e-02,2.723943e-02,1.500000e-01,1.000000e+00,4.539905e-01
5.196152e-02,3.000000e-02,1.555556e-01,1.000000e+00,5.000000e-01
5.196152e-02,3.000000e-02,1.500000e-01,1.000000e+00,5.000000e-01
5.346039e-02,2.723943e-02,1.666667e-01,1.000000e+00,4.539905e-01
5.346039e-02,2.723943e-02,1.611111e-01,1.000000e+00,4.539905e-01
5.196152e-02,3.000000e-02,1.611111e-01,1.000000e+00,5.000000e-01
5.346039e-02,2.723943e-02,1.777778e-01,1.000000e+00,4.539905e-01
5.032023e-02,3.267834e-02,1.777778e-01,1.000000e+00,5.446390e-01
5.196152e-02,3.000000e-02,1.777778e-01,1.000000e+00,5.000000e-01
5.196152e-02,3.000000e-02,1.722222e-01,1.000000e+00,5.000000e-01
5.346039e-02,2.723943e-02,1.722222e-01,1.000000e+00,4.539905e-01
5.032023e-02,3.267834e-02,1.888889e-01,1.000000e+00,5.446390e-01
5.196152e-02,3.000000e-02,1.833333e-01,1.000000e+00,5.000000e-01
5.032023e-02,3.267834e-02,1.833333e-01,1.000000e+00,5.446390e-01
5.346039e-02,2.723943e-02,1.888889e-01,1.000000e+00,4.539905e-01
5.346039e-02,2.723943e-02,1.833333e-01,1.000000e+00,4.539905e-01
5.196152e-02,3.000000e-02,1.888889e-01,1.000000e+00,5.000000e-01
5.032023e-02,3.267834e-02,2.000000e-01,1.000000e+00,5.446390e-01
5.032023e-02,3.267834e-02,1.944444e-01,1.000000e+00,5.446390e-01
5.032023e-02,3.267834e-02,1.972222e-01,1.000000e+00,5.446390e-01
5.115841e-02,3.134991e-02,1.972222e-01,1.000000e+00,5.224986e-01
5.115841e-02,3.134991e-02,2.000000e-01,1.000000e+00,5.224986e-01
5.196152e-02,3.000000e-02,1.944444e-01,1.000000e+00,5.000000e-01
5.032023e-02,3.267834e-02,1.111111e-02,1.000000e+00,5.446390e-01
5.032023e-02,3.267834e-02,1.666667e-02,1.000000e+00,5.446390e-01
5.196152e-02,3.000000e-02,1.111111e-02,1.000000e+00,5.000000e-01
5.032023e-02,3.267834e-02,2.777778e-02,1.000000e+00,5.446390e-01
5.032023e-02,3.267834e-02,5.000000e-02,1.000000e+00,5.446390e-01
5.032023e-02,3.267834e-02,7.777778e-02,1.000000e+00,5.446390e-01
5.196152e-02,3.000000e-02,7.777778e-02,1.000000e+00,5.000000e-01
5.032023e-02,3.267834e-02,7.222222e-02,1.000000e+00,5.446390e-01
5.032023e-02,3.267834e-02,8.333333e-02,1.000000e+00,5.446390e-01
5.032023e-02,3.267834e-02,1.000000e-01,1.000000e+00,5.446390e-01
5.196152e-02,3.000000e-02,1.000000e-01,1.000000e+00,5.000000e-01
5.032023e-02,3.267834e-02,9.444444e-02,1.000000e+00,5.446390e-01
5.032023e-02,3.267834e-02,1.055556e-01,1.000000e+00,5.446390e-01
5.032023e-02,3.267834e-02,1.222222e-01,1.000000e+00,5.446390e-01
5.196152e-02,3.000000e-02,1.222222e-01,1.000000e+00,5.000000e-01
5.032023e-02,3.267834e-02,1.166667e-01,1.000000e+00,5.446390e-01
5.032023e-02,3.267834e-02,1.277778e-01,1.000000e+00,5.446390e-01
5.032023e-02,3.267834e-02,1.444444e-01,1.000000e+00,5.446390e-01
5.196152e-02,3.000000e-02,1.444444e-01,1.000000e+00,5.000000e-01
5.032023e-02,3.267834e-02,1.388889e-01,1.000000e+00,5.446390e-01
5.032023e-02,3.267834e-02,1.500000e-01,1.000000e+00,5.446390e-01
5.032023e-02,3.267834e-02,1.666667e-01,1.000000e+00,5.446390e-01
5.196152e-02,3.000000e-02,1.666667e-01,1.000000e+00,5.000000e-01
5.032023e-02,3.267834e-02,1.611111e-01,1.000000e+00,5.446390e-01
5.032023e-02,3.267834e-02,1.722222e-01,1.000000e+00,5.446390e-01
4.662876e-02,3.775922e-02,2.000000e-01,1.000000e+00,6.293204e-01
4.662876e-02,3.775922e-02,1.944444e-01,1.000000e+00,6.293204e-01
4.458869e-02,4.014784e-02,2.000000e-01,1.000000e+00,6.691306e-01
4.662876e-02,3.775922e-02,1.972222e-01,1.000000e+00,6.293204e-01
4.562436e-02,3.896688e-02,2.000000e-01,1.000000e+00,6.494480e-01
4.562436e-02,3.896688e-02,1.972222e-01,1.000000e+00,6.494480e-01
4.662876e-02,3.775922e-02,2.222222e-02,1.000000e+00,6.293204e-01
4.242641e-02,4.242641e-02,2.222222e-02,1.000000e+00,7.071068e-01
4.662876e-02,3.775922e-02,1.111111e-02,1.000000e+00,6.293204e-01
4.458869e-02,4.014784e-02,2.222222e-02,1.000000e+00,6.691306e-01
4.458869e-02,4.014784e-02,1.666667e-02,1.000000e+00,6.691306e-01
4.662876e-02,3.775922e-02,1.666667e-02,1.000000e+00,6.293204e-01
4.662876e-02,3.775922e-02,3.333333e-02,1.000000e+00,6.293204e-01
4.662876e-02,3.775922e-02,2.777778e-02,1.000000e+00,6.293204e-01
4.458869e-02,4.014784e-02,2.777778e-02,1.000000e+00,6.691306e-01
4.662876e-02,3.775922e-02,4.444444e-02,1.000000e+00,6.293204e-01
4.662876e-02,3.775922e-02,5.555556e-02,1.000000e+00,6.293204e-01
4.242641e-02,4.242641e-02,4.444444e-02,1.000000e+00,7.071068e-01
4.662876e-02,3.775922e-02,5.000000e-02,1.000000e+00,6.293204e-01
4.458869e-02,4.014784e-02,5.000000e-02,1.000000e+00,6.691306e-01
4.458869e-02,4.014784e-02,4.444444e-02,1.000000e+00,6.691306e-01
4.242641e-02,4.242641e-02,3.333333e-02,1.000000e+00,7.071068e-01
4.242641e-02,4.242641e-02,3.888889e-02,1.000000e+00,7.071068e-01
4.458869e-02,4.014784e-02,3.888889e-02,1.000000e+00,6.691306e-01
4.458869e-02,4.014784e-02,3.333333e-02,1.000000e+00,6.691306e-01
4.662876e-02,3.775922e-02,3.888889e-02,1.000000e+00,6.293204e-01
4.662876e-02,3.775922e-02,6.666667e-02,1.000000e+00,6.293204e-01
4.662876e-02,3.775922e-02,7.777778e-02,1.000000e+00,6.293204e-01
4.242641e-02,4.242641e-02,6.666667e-02,1.000000e+00,7.071068e-01
4.662876e-02,3.775922e-02,7.222222e-02,1.000000e+00,6.293204e-01
4.458869e-02,4.014784e-02,7.222222e-02,1.000000e+00,6.691306e-01
4.458869e-02,4.014784e-02,6.666667e-02,1.000000e+00,6.691306e-01
4.242641e-02,4.242641e-02,5.555556e-02,1.000000e+00,7.071068e-01
4.242641e-02,4.242641e-02,6.111111e-02,1.000000e+00,7.071068e-01
4.458869e-02,4.014784e-02,6.111111e-02,1.000000e+00,6.691306e-01
4.458869e-02,4.014784e-02,5.555556e-02,1.000000e+00,6.691306e-01
4.662876e-02,3.775922e-02,6.111111e-02,1.000000e+00,6.293204e-01
4.662876e-02,3.775922e-02,8.888889e-02,1.000000e+00,6.293204e-01
4.242641e-02,4.242641e-02,8.888889e-02,1.000000e+00,7.071068e-01
4.458869e-02,4.014784e-02,8.888889e-02,1.000000e+00,6.691306e-01
4.458869e-02,4.014784e-02,8.333333e-02,1.000000e+00,6.691306e-01
4.662876e-02,3.775922e-02,8.333333e-02,1.000000e+00,6.293204e-01
4.662876e-02,3.775922e-02,1.000000e-01,1.000000e+00,6.293204e-01
4.662876e-02,3.775922e-02,9.444444e-02,1.000000e+00,6.293204e-01
4.458869e-02,4.014784e-02,9.444444e-02,1.000000e+00,6.691306e-01
4.662876e-02,3.775922e-02,1.111111e-01,1.000000e+00,6.293204e-01
4.242641e-02,4.242641e-02,1.111111e-01,1.000000e+00,7.071068e-01
4.662876e-02,3.775922e-02,1.055556e-01,1.000000e+00,6.293204e-01
4.458869e-02,4.014784e-02,1.111111e-01,1.000000e+00,6.691306e-01
4.458869e-02,4.014784e-02,1.055556e-01,1.000000e+00,6.691306e-01
4.662876e-02,3.775922e-02,1.222222e-01,1.000000e+00,6.293204e-01
4.662876e-02,3.775922e-02,1.166667e-01,1.000000e+00,6.293204e-01
4.458869e-02,4.014784e-02,1.166667e-01,1.000000e+00,6.691306e-01
4.662876e-02,3.775922e-02,1.333333e-01,1.000000e+00,6.293204e-01
4.242641e-02,4.242641e-02,1.333333e-01,1.000000e+00,7.071068e-01
4.458869e-02,4.014784e-02,1.333333e-01,1.000000e+00,6.691306e-01
4.458869e-02,4.014784e-02,1.277778e-01,1.000000e+00,6.691306e-01
4.662876e-02,3.775922e-02,1.277778e-01,1.000000e+00,6.293204e-01
4.662876e-02,3.775922e-02,1.444444e-01,1.000000e+00,6.293204e-01
4.662876e-02,3.775922e-02,1.388889e-01,1.000000e+00,6.293204e-01
4.458869e-02,4.014784e-02,1.388889e-01,1.000000e+00,6.691306e-01
4.662876e-02,3.775922e-02,1.555556e-01,1.000000e+00,6.293204e-01
4.242641e-02,4.242641e-02,1.555556e-01,1.000000e+00,7.071068e-01
4.662876e-02,3.775922e-02,1.500000e-01,1.000000e+00,6.293204e-01
4.458869e-02,4.014784e-02,1.555556e-01,1.000000e+00,6.691306e-01
4.458869e-02,4.014784e-02,1.500000e-01,1.000000e+00,6.691306e-01
4.662876e-02,3.775922e-02,1.666667e-01,1.000000e+00,6.293204e-01
4.662876e-02,3.775922e-02,1.611111e-01,1.000000e+00,6.293204e-01
4.458869e-02,4.014784e-02,1.611111e-01,1.000000e+00,6.691306e-01
4.662876e-02,3.775922e-02,1.777778e-01,1.000000e+00,6.293204e-01
4.242641e-02,4.242641e-02,1.777778e-01,1.000000e+00,7.071068e-01
4.458869e-02,4.014784e-02,1.777778e-01,1.000000e+00,6.691306e-01
4.458869e-02,4.014784e-02,1.722222e-01,1.000000e+00,6.691306e-01
4.662876e-02,3.775922e-02,1.722222e-01,1.000000e+00,6.293204e-01
4.242641e-02,4.242641e-02,1.888889e-01,1.000000e+00,7.071068e-01
4.458869e-02,4.014784e-02,1.833333e-01,1.000000e+00,6.691306e-01
4.242641e-02,4.242641e-02,1.833333e-01,1.000000e+00,7.071068e-01
4.662876e-02,3.775922e-02,1.888889e-01,1.000000e+00,6.293204e-01
4.662876e-02,3.775922e-02,1.833333e-01,1.000000e+00,6.293204e-01
4.458869e-02,4.014784e-02,1.888889e-01,1.000000e+00,6.691306e-01
4.242641e-02,4.242641e-02,2.000000e-01,1.000000e+00,7.071068e-01
4.242641e-02,4.242641e-02,1.944444e-01,1.000000e+00,7.071068e-01
4.242641e-02,4.242641e-02,1.972222e-01,1.000000e+00,7.071068e-01
4.352246e-02,4.130127e-02,1.972222e-01,1.000000e+00,6.883546e-01
4.352246e-02,4.130127e-02,2.000000e-01,1.000000e+00,6.883546e-01
4.458869e-02,4.014784e-02,1.944444e-01,1.000000e+00,6.691306e-01
4.242641e-02,4.242641e-02,1.111111e-02,1.000000e+00,7.071068e-01
4.242641e-02,4.242641e-02,1.666667e-02,1.000000e+00,7.071068e-01
4.458869e-02,4.014784e-02,1.111111e-02,1.000000e+00,6.691306e-01
4.242641e-02,4.242641e-02,2.777778e-02,1.000000e+00,7.071068e-01
4.242641e-02,4.242641e-02,5.000000e-02,1.000000e+00,7.071068e-01
4.242641e-02,4.242641e-02,7.777778e-02,1.000000e+00,7.071068e-01
4.458869e-02,4.014784e-02,7.777778e-02,1.000000e+00,6.691306e-01
4.242641e-02,4.242641e-02,7.222222e-02,1.000000e+00,7.071068e-01
4.242641e-02,4.242641e-02,8.333333e-02,1.000000e+00,7.071068e-01
4.242641e-02,4.242641e-02,1.000000e-01,1.000000e+00,7.071068e-01
4.458869e-02,4.014784e-02,1.000000e-01,1.000000e+00,6.691306e-01
4.242641e-02,4.242641e-02,9.444444e-02,1.000000e+00,7.071068e-01
4.242641e-02,4.242641e-02,1.055556e-01,1.000000e+00,7.071068e-01
4.242641e-02,4.242641e-02,1.222222e-01,1.000000e+00,7.071068e-01
4.458869e-02,4.014784e-02,1.222222e-01,1.000000e+00,6.691306e-01
4.242641e-02,4.242641e-02,1.166667e-01,1.000000e+00,7.071068e-01
4.242641e-02,4.242641e-02,1.277778e-01,1.000000e+00,7.071068e-01
4.242641e-02,4.242641e-02,1.444444e-01,1.000000e+00,7.071068e-01
4.458869e-02,4.014784e-02,1.444444e-01,1.000000e+00,6.691306e-01
4.242641e-02,4.242641e-02,1.388889e-01,1.000000e+00,7.071068e-01
4.242641e-02,4.242641e-02,1.500000e-01,1.000000e+00,7.071068e-01
4.242641e-02,4.242641e-02,1.666667e-01,1.000000e+00,7.071068e-01
4.458869e-02,4.014784e-02,1.666667e-01,1.000000e+00,6.691306e-01
4.242641e-02,4.242641e-02,1.611111e-01,1.000000e+00,7.071068e-01
4.242641e-02,4.242641e-02,1.722222e-01,1.000000e+00,7.071068e-01
3.526712e-02,4.854102e-02,2.000000e-01,1.000000e+00,8.090170e-01
3.775922e-02,4.662876e-02,2.000000e-01,1.000000e+00,7.771460e-01
3.775922e-02,4.662876e-02,1.944444e-01,1.000000e+00,7.771460e-01
3.652569e-02,4.760120e-02,2.000000e-01,1.000000e+00,7.933533e-01
3.652569e-02,4.760120e-02,1.972222e-01,1.000000e+00,7.933533e-01
3.775922e-02,4.662876e-02,1.972222e-01,1.000000e+00,7.771460e-01
3.775922e-02,4.662876e-02,1.111111e-02,1.000000e+00,7.771460e-01
3.775922e-02,4.662876e-02,2.222222e-02,1.000000e+00,7.771460e-01
3.267834e-02,5.032023e-02,2.222222e-02,1.000000e+00,8.386706e-01
3.775922e-02,4.662876e-02,1.666667e-02,1.000000e+00,7.771460e-01
3.526712e-02,4.854102e-02,2.222222e-02,1.000000e+00,8.090170e-01
3.526711e-02,4.854102e-02,1.666667e-02,1.000000e+00,8.090170e-01
3.775922e-02,4.662876e-02,3.333333e-02,1.000000e+00,7.771460e-01
3.775922e-02,4.662876e-02,2.777778e-02,1.000000e+00,7.771460e-01
3.526711e-02,4.854102e-02,2.777778e-02,1.000000e+00,8.090170e-01
3.775922e-02,4.662876e-02,4.444444e-02,1.000000e+00,7.771460e-01
3.775922e-02,4.662876e-02,5.555556e-02,1.000000e+00,7.771460e-01
3.267834e-02,5.032023e-02,4.444444e-02,1.000000e+00,8.386706e-01
3.775922e-02,4.662876e-02,5.000000e-02,1.000000e+00,7.771460e-01
3.526711e-02,4.854102e-02,5.000000e-02,1.000000e+00,8.090170e-01
3.526712e-02,4.854102e-02,4.444444e-02,1.000000e+00,8.090170e-01
3.267834e-02,5.032023e-02,3.333333e-02,1.000000e+00,8.386706e-01
3.267834e-02,5.032023e-02,3.888889e-02,1.000000e+00,8.386706e-01
3.526712e-02,4.854102e-02,3.888889e-02,1.000000e+00,8.090170e-01
3.526712e-02,4.854102e-02,3.333333e-02,1.000000e+00,8.090170e-01
3.775922e-02,4.662876e-02,3.888889e-02,1.000000e+00,7.771460e-01
3.775922e-02,4.662876e-02,6.666667e-02,1.000000e+00,7.771460e-01
3.267834e-02,5.032023e-02,6.666667e-02,1.000000e+00,8.386706e-01
3.526712e-02,4.854102e-02,6.666667e-02,1.000000e+00,8.090170e-01
3.526711e-02,4.854102e-02,6.111111e-02,1.000000e+00,8.090170e-01
3.775922e-02,4.662876e-02,6.111111e-02,1.000000e+00,7.771460e-01
3.775922e-02,4.662876e-02,7.777778e-02,1.000000e+00,7.771460e-01
3.775922e-02,4.662876e-02,7.222222e-02,1.000000e+00,7.771460e-01
3.526711e-02,4.854102e-02,7.222222e-02,1.000000e+00,8.090170e-01
3.775922e-02,4.662876e-02,8.888889e-02,1.000000e+00,7.771460e-01
3.267834e-02,5.032023e-02,8.888889e-02,1.000000e+00,8.386706e-01
3.526712e-02,4.854102e-02,8.888889e-02,1.000000e+00,8.090170e-01
3.526711e-02,4.854102e-02,8.333333e-02,1.000000e+00,8.090170e-01
3.775922e-02,4.662876e-02,8.333333e-02,1.000000e+00,7.771460e-01
3.775922e-02,4.662876e-02,1.000000e-01,1.000000e+00,7.771460e-01
3.775922e-02,4.662876e-02,9.444444e-02,1.000000e+00,7.771460e-01
3.526711e-02,4.854102e-02,9.444444e-02,1.000000e+00,8.090170e-01
3.775922e-02,4.662876e-02,1.111111e-01,1.000000e+00,7.771460e-01
3.267834e-02,5.032023e-02,1.111111e-01,1.000000e+00,8.386706e-01
3.775922e-02,4.662876e-02,1.055556e-01,1.000000e+00,7.771460e-01
3.526712e-02,4.854102e-02,1.111111e-01,1.000000e+00,8.090170e-01
3.526711e-02,4.854102e-02,1.055556e-01,1.000000e+00,8.090170e-01
3.775922e-02,4.662876e-02,1.222222e-01,1.000000e+00,7.771460e-01
3.775922e-02,4.662876e-02,1.166667e-01,1.000000e+00,7.771460e-01
3.526711e-02,4.854102e-02,1.166667e-01,1.000000e+00,8.090170e-01
3.775922e-02,4.662876e-02,1.333333e-01,1.000000e+00,7.771460e-01
3.267834e-02,5.032023e-02,1.333333e-01,1.000000e+00,8.386706e-01
3.526712e-02,4.854102e-02,1.333333e-01,1.000000e+00,8.090170e-01
3.526711e-02,4.854102e-02,1.277778e-01,1.000000e+00,8.090170e-01
3.775922e-02,4.662876e-02,1.277778e-01,1.000000e+00,7.771460e-01
3.775922e-02,4.662876e-02,1.444444e-01,1.000000e+00,7.771460e-01
3.775922e-02,4.662876e-02,1.388889e-01,1.000000e+00,7.771460e-01
3.526711e-02,4.854102e-02,1.388889e-01,1.000000e+00,8.090170e-01
3.775922e-02,4.662876e-02,1.555556e-01,1.000000e+00,7.771460e-01
3.267834e-02,5.032023e-02,1.555556e-01,1.000000e+00,8.386706e-01
3.775922e-02,4.662876e-02,1.500000e-01,1.000000e+00,7.771460e-01
3.526712e-02,4.854102e-02,1.555556e-01,1.000000e+00,8.090170e-01
3.526711e-02,4.854102e-02,1.500000e-01,1.000000e+00,8.090170e-01
3.775922e-02,4.662876e-02,1.666667e-01,1.000000e+00,7.771460e-01
3.775922e-02,4.662876e-02,1.611111e-01,1.000000e+00,7.771460e-01
3.526711e-02,4.854102e-02,1.611111e-01,1.000000e+00,8.090170e-01
3.775922e-02,4.662876e-02,1.777778e-01,1.000000e+00,7.771460e-01
3.267834e-02,5.032023e-02,1.777778e-01,1.000000e+00,8.386706e-01
3.526712e-02,4.854102e-02,1.777778e-01,1.000000e+00,8.090170e-01
3.526711e-02,4.854102e-02,1.722222e-01,1.000000e+00,8.090170e-01
3.775922e-02,4.662876e-02,1.722222e-01,1.000000e+00,7.771460e-01
3.267834e-02,5.032023e-02,1.888889e-01,1.000000e+00,8.386706e-01
3.526712e-02,4.854102e-02,1.833333e-01,1.000000e+00,8.090170e-01
3.267834e-02,5.032023e-02,1.833333e-01,1.000000e+00,8.386706e-01
3.775922e-02,4.662876e-02,1.888889e-01,1.000000e+00,7.771460e-01
3.775922e-02,4.662876e-02,1.833333e-01,1.000000e+00,7.771460e-01
3.526712e-02,4.854102e-02,1.888889e-01,1.000000e+00,8.090170e-01
3.267834e-02,5.032023e-02,2.000000e-01,1.000000e+00,8.386706e-01
3.267834e-02,5.032023e-02,1.944444e-01,1.000000e+00,8.386706e-01
3.398437e-02,4.944757e-02,2.000000e-01,1.000000e+00,8.241262e-01
3.267834e-02,5.032023e-02,1.972222e-01,1.000000e+00,8.386706e-01
3.398437e-02,4.944757e-02,1.972222e-01,1.000000e+00,8.241262e-01
3.526712e-02,4.854102e-02,1.944444e-01,1.000000e+00,8.090170e-01
3.267834e-02,5.032023e-02,1.111111e-02,1.000000e+00,8.386706e-01
3.267834e-02,5.032023e-02,1.666667e-02,1.000000e+00,8.386706e-01
3.526712e-02,4.854102e-02,1.111111e-02,1.000000e+00,8.090170e-01
3.267834e-02,5.032023e-02,2.777778e-02,1.000000e+00,8.386706e-01
3.267834e-02,5.032023e-02,5.555556e-02,1.000000e+00,8.386706e-01
3.267834e-02,5.032023e-02,5.000000e-02,1.000000e+00,8.386706e-01
3.526712e-02,4.854102e-02,5.555556e-02,1.000000e+00,8.090170e-01
3.267834e-02,5.032023e-02,6.111111e-02,1.000000e+00,8.386706e-01
3.267834e-02,5.032023e-02,7.777778e-02,1.000000e+00,8.386706e-01
3.267834e-02,5.032023e-02,7.222222e-02,1.000000e+00,8.386706e-01
3.526712e-02,4.854102e-02,7.777778e-02,1.000000e+00,8.090170e-01
3.267834e-02,5.032023e-02,8.333333e-02,1.000000e+00,8.386706e-01
3.267834e-02,5.032023e-02,1.000000e-01,1.000000e+00,8.386706e-01
3.526712e-02,4.854102e-02,1.000000e-01,1.000000e+00,8.090170e-01
3.267834e-02,5.032023e-02,9.444444e-02,1.000000e+00,8.386706e-01
3.267834e-02,5.032023e-02,1.055556e-01,1.000000e+00,8.386706e-01
3.267834e-02,5.032023e-02,1.222222e-01,1.000000e+00,8.386706e-01
3.526712e-02,4.854102e-02,1.222222e-01,1.000000e+00,8.090170e-01
3.267834e-02,5.032023e-02,1.166667e-01,1.000000e+00,8.386706e-01
3.267834e-02,5.032023e-02,1.277778e-01,1.000000e+00,8.386706e-01
3.267834e-02,5.032023e-02,1.444444e-01,1.000000e+00,8.386706e-01
3.526712e-02,4.854102e-02,1.444444e-01,1.000000e+00,8.090170e-01
3.267834e-02,5.032023e-02,1.388889e-01,1.000000e+00,8.386706e-01
3.267834e-02,5.032023e-02,1.500000e-01,1.000000e+00,8.386706e-01
3.267834e-02,5.032023e-02,1.666667e-01,1.000000e+00,8.386706e-01
3.526712e-02,4.854102e-02,1.666667e-01,1.000000e+00,8.090170e-01
3.267834e-02,5.032023e-02,1.611111e-01,1.000000e+00,8.386706e-01
3.267834e-02,5.032023e-02,1.722222e-01,1.000000e+00,8.386706e-01
2.440420e-02,5.481273e-02,2.000000e-01,1.000000e+00,9.135455e-01
2.723943e-02,5.346039e-02,2.000000e-01,1.000000e+00,8.910065e-01
2.723943e-02,5.346039e-02,1.944444e-01,1.000000e+00,8.910065e-01
2.583067e-02,5.415512e-02,2.000000e-01,1.000000e+00,9.025853e-01
2.583067e-02,5.415512e-02,1.972222e-01,1.000000e+00,9.025853e-01
2.723943e-02,5.346039e-02,1.972222e-01,1.000000e+00,8.910065e-01
2.723943e-02,5.346039e-02,1.111111e-02,1.000000e+00,8.910065e-01
2.723943e-02,5.346039e-02,2.222222e-02,1.000000e+00,8.910065e-01
2.150208e-02,5.601483e-02,2.222222e-02,1.000000e+00,9.335804e-01
2.723943e-02,5.346039e-02,1.666667e-02,1.000000e+00,8.910065e-01
2.440420e-02,5.481273e-02,2.222222e-02,1.000000e+00,9.135455e-01
2.440420e-02,5.481273e-02,1.666667e-02,1.000000e+00,9.135455e-01
2.723943e-02,5.346039e-02,3.333333e-02,1.000000e+00,8.910065e-01
2.723943e-02,5.346039e-02,2.777778e-02,1.000000e+00,8.910065e-01
2.440420e-02,5.481273e-02,2.777778e-02,1.000000e+00,9.135455e-01
2.723943e-02,5.346039e-02,4.444444e-02,1.000000e+00,8.910065e-01
2.723943e-02,5.346039e-02,5.555556e-02,1.000000e+00,8.910065e-01
2.150208e-02,5.601483e-02,4.444444e-02,1.000000e+00,9.335804e-01
2.723943e-02,5.346039e-02,5.000000e-02,1.000000e+00,8.910065e-01
2.440420e-02,5.481273e-02,5.000000e-02,1.000000e+00,9.135455e-01
2.440420e-02,5.481273e-02,4.444444e-02,1.000000e+00,9.135455e-01
2.150208e-02,5.601483e-02,3.333333e-02,1.000000e+00,9.335804e-01
2.150208e-02,5.601483e-02,3.888889e-02,1.000000e+00,9.335804e-01
2.440420e-02,5.481273e-02,3.888889e-02,1.000000e+00,9.135455e-01
2.440420e-02,5.481273e-02,3.333333e-02,1.000000e+00,9.135455e-01
2.723943e-02,5.346039e-02,3.888889e-02,1.000000e+00,8.910065e-01
2.723943e-02,5.346039e-02,6.666667e-02,1.000000e+00,8.910065e-01
2.150208e-02,5.601483e-02,6.666667e-02,1.000000e+00,9.335804e-01
2.440420e-02,5.481273e-02,6.666667e-02,1.000000e+00,9.135455e-01
2.440420e-02,5.481273e-02,6.111111e-02,1.000000e+00,9.135455e-01
2.723943e-02,5.346039e-02,6.111111e-02,1.000000e+00,8.910065e-01
2.723943e-02,5.346039e-02,7.777778e-02,1.000000e+00,8.910065e-01
2.723943e-02,5.346039e-02,7.222222e-02,1.000000e+00,8.910065e-01
2.440420e-02,5.481273e-02,7.222222e-02,1.000000e+00,9.135455e-01
2.723943e-02,5.346039e-02,8.888889e-02,1.000000e+00,8.910065e-01
2.150208e-02,5.601483e-02,8.888889e-02,1.000000e+00,9.335804e-01
2.440420e-02,5.481273e-02,8.888889e-02,1.000000e+00,9.135455e-01
2.440420e-02,5.481273e-02,8.333333e-02,1.000000e+00,9.135455e-01
2.723943e-02,5.346039e-02,8.333333e-02,1.000000e+00,8.910065e-01
2.723943e-02,5.346039e-02,1.000000e-01,1.000000e+00,8.910065e-01
2.723943e-02,5.346039e-02,9.444444e-02,1.000000e+00,8.910065e-01
2.440420e-02,5.481273e-02,9.444444e-02,1.000000e+00,9.135455e-01
2.723943e-02,5.346039e-02,1.111111e-01,1.000000e+00,8.910065e-01
2.150208e-02,5.601483e-02,1.111111e-01,1.000000e+00,9.335804e-01
2.723943e-02,5.346039e-02,1.055556e-01,1.000000e+00,8.910065e-01
2.440420e-02,5.481273e-02,1.111111e-01,1.000000e+00,9.135455e-01
2.440420e-02,5.481273e-02,1.055556e-01,1.000000e+00,9.135455e-01
2.723943e-02,5.346039e-02,1.222222e-01,1.000000e+00,8.910065e-01
2.723943e-02,5.346039e-02,1.166667e-01,1.000000e+00,8.910065e-01
2.440420e-02,5.481273e-02,1.166667e-01,1.000000e+00,9.135455e-01
2.723943e-02,5.346039e-02,1.333333e-01,1.000000e+00,8.910065e-01
2.150208e-02,5.601483e-02,1.333333e-01,1.000000e+00,9.335804e-01
2.440420e-02,5.481273e-02,1.333333e-01,1.000000e+00,9.135455e-01
2.440420e-02,5.481273e-02,1.277778e-01,1.000000e+00,9.135455e-01
2.723943e-02,5.346039e-02,1.277778e-01,1.000000e+00,8.910065e-01
2.723943e-02,5.346039e-02,1.444444e-01,1.000000e+00,8.910065e-01
2.723943e-02,5.346039e-02,1.388889e-01,1.000000e+00,8.910065e-01
2.440420e-02,5.481273e-02,1.388889e-01,1.000000e+00,9.135455e-01
2.723943e-02,5.346039e-02,1.555556e-01,1.000000e+00,8.910065e-01
2.150208e-02,5.601483e-02,1.555556e-01,1.000000e+00,9.335804e-01
2.723943e-02,5.346039e-02,1.500000e-01,1.000000e+00,8.910065e-01
2.440420e-02,5.481273e-02,1.555556e-01,1.000000e+00,9.135455e-01
2.440420e-02,5.481273e-02,1.500000e-01,1.000000e+00,9.135455e-01
2.723943e-02,5.346039e-02,1.666667e-01,1.000000e+00,8.910065e-01
2.723943e-02,5.346039e-02,1.611111e-01,1.000000e+00,8.910065e-01
2.440420e-02,5.481273e-02,1.611111e-01,1.000000e+00,9.135455e-01
2.723943e-02,5.346039e-02,1.777778e-01,1.000000e+00,8.910065e-01
2.150208e-02,5.601483e-02,1.777778e-01,1.000000e+00,9.335804e-01
2.440420e-02,5.481273e-02,1.777778e-01,1.000000e+00,9.135455e-01
2.440420e-02,5.481273e-02,1.722222e-01,1.000000e+00,9.135455e-01
2.723943e-02,5.346039e-02,1.722222e-01,1.000000e+00,8.910065e-01
2.150208e-02,5.601483e-02,1.888889e-01,1.000000e+00,9.335804e-01
2.440420e-02,5.481273e-02,1.833333e-01,1.000000e+00,9.135455e-01
2.150208e-02,5.601483e-02,1.833333e-01,1.000000e+00,9.335804e-01
2.723943e-02,5.346039e-02,1.888889e-01,1.000000e+00,8.910065e-01
2.723943e-02,5.346039e-02,1.833333e-01,1.000000e+00,8.910065e-01
2.440420e-02,5.481273e-02,1.888889e-01,1.000000e+00,9.135455e-01
2.150208e-02,5.601483e-02,2.000000e-01,1.000000e+00,9.335804e-01
2.150208e-02,5.601483e-02,1.944444e-01,1.000000e+00,9.335804e-01
2.150208e-02,5.601483e-02,1.972222e-01,1.000000e+00,9.335804e-01
2.296101e-02,5.543277e-02,1.972222e-01,1.000000e+00,9.238795e-01
2.296101e-02,5.543277e-02,2.000000e-01,1.000000e+00,9.238795e-01
2.440420e-02,5.481273e-02,1.944444e-01,1.000000e+00,9.135455e-01
2.150208e-02,5.601483e-02,1.111111e-02,1.000000e+00,9.335804e-01
2.150208e-02,5.601483e-02,1.666667e-02,1.000000e+00,9.335804e-01
2.440420e-02,5.481273e-02,1.111111e-02,1.000000e+00,9.135455e-01
2.150208e-02,5.601483e-02,2.777778e-02,1.000000e+00,9.335804e-01
2.150208e-02,5.601483e-02,5.555556e-02,1.000000e+00,9.335804e-01
2.150208e-02,5.601483e-02,5.000000e-02,1.000000e+00,9.335804e-01
2.440420e-02,5.481273e-02,5.555556e-02,1.000000e+00,9.135455e-01
2.150208e-02,5.601483e-02,6.111111e-02,1.000000e+00,9.335804e-01
2.150208e-02,5.601483e-02,7.777778e-02,1.000000e+00,9.335804e-01
2.150208e-02,5.601483e-02,7.222222e-02,1.000000e+00,9.335804e-01
2.440420e-02,5.481273e-02,7.777778e-02,1.000000e+00,9.135455e-01
2.150208e-02,5.601483e-02,8.333333e-02,1.000000e+00,9.335804e-01
2.150208e-02,5.601483e-02,1.000000e-01,1.000000e+00,9.335804e-01
2.440420e-02,5.481273e-02,1.000000e-01,1.000000e+00,9.135455e-01
2.150208e-02,5.601483e-02,9.444444e-02,1.000000e+00,9.335804e-01
2.150208e-02,5.601483e-02,1.055556e-01,1.000000e+00,9.335804e-01
2.150208e-02,5.601483e-02,1.222222e-01,1.000000e+00,9.335804e-01
2.440420e-02,5.481273e-02,1.222222e-01,1.000000e+00,9.135455e-01
2.150208e-02,5.601483e-02,1.166667e-01,1.000000e+00,9.335804e-01
2.150208e-02,5.601483e-02,1.277778e-01,1.000000e+00,9.335804e-01
2.150208e-02,5.601483e-02,1.444444e-01,1.000000e+00,9.335804e-01
2.440420e-02,5.481273e-02,1.444444e-01,1.000000e+00,9.135455e-01
2.150208e-02,5.601483e-02,1.388889e-01,1.000000e+00,9.335804e-01
2.150208e-02,5.601483e-02,1.500000e-01,1.000000e+00,9.335804e-01
2.150208e-02,5.601483e-02,1.666667e-01,1.000000e+00,9.335804e-01
2.440420e-02,5.481273e-02,1.666667e-01,1.000000e+00,9.135455e-01
2.150208e-02,5.601483e-02,1.611111e-01,1.000000e+00,9.335804e-01
2.150208e-02,5.601483e-02,1.722222e-01,1.000000e+00,9.335804e-01
9.386068e-03,5.926130e-02,2.000000e-01,1.000000e+00,9.876883e-01
1.247470e-02,5.868886e-02,2.000000e-01,1.000000e+00,9.781476e-01
9.386068e-03,5.926130e-02,1.944444e-01,1.000000e+00,9.876883e-01
9.386068e-03,5.926130e-02,1.972222e-01,1.000000e+00,9.876883e-01
1.093413e-02,5.899529e-02,1.972222e-01,1.000000e+00,9.832549e-01
1.093413e-02,5.899529e-02,2.000000e-01,1.000000e+00,9.832549e-01
9.386068e-03,5.926130e-02,2.222222e-02,1.000000e+00,9.876883e-01
9.386068e-03,5.926130e-02,1.111111e-02,1.000000e+00,9.876883e-01
1.552914e-02,5.795555e-02,2.222222e-02,1.000000e+00,9.659258e-01
9.386068e-03,5.926130e-02,1.666667e-02,1.000000e+00,9.876883e-01
1.247470e-02,5.868886e-02,1.666667e-02,1.000000e+00,9.781476e-01
1.247470e-02,5.868886e-02,2.222222e-02,1.000000e+00,9.781476e-01
9.386068e-03,5.926130e-02,3.333333e-02,1.000000e+00,9.876883e-01
1.247470e-02,5.868886e-02,2.777778e-02,1.000000e+00,9.781476e-01
9.386068e-03,5.926130e-02,2.777778e-02,1.000000e+00,9.876883e-01
9.386068e-03,5.926130e-02,5.555556e-02,1.000000e+00,9.876883e-01
9.386068e-03,5.926130e-02,4.444444e-02,1.000000e+00,9.876883e-01
1.552914e-02,5.795555e-02,4.444444e-02,1.000000e+00,9.659258e-01
9.386068e-03,5.926130e-02,5.000000e-02,1.000000e+00,9.876883e-01
1.247470e-02,5.868886e-02,4.444444e-02,1.000000e+00,9.781476e-01
1.247470e-02,5.868886e-02,5.000000e-02,1.000000e+00,9.781476e-01
1.552914e-02,5.795555e-02,3.333333e-02,1.000000e+00,9.659258e-01
1.247470e-02,5.868886e-02,3.888889e-02,1.000000e+00,9.781476e-01
1.552914e-02,5.795555e-02,3.888889e-02,1.000000e+00,9.659258e-01
9.386068e-03,5.926130e-02,3.888889e-02,1.000000e+00,9.876883e-01
1.247470e-02,5.868886e-02,3.333333e-02,1.000000e+00,9.781476e-01
9.386068e-03,5.926130e-02,6.666667e-02,1.000000e+00,9.876883e-01
1.552914e-02,5.795555e-02,6.666667e-02,1.000000e+00,9.659258e-01
9.386068e-03,5.926130e-02,6.111111e-02,1.000000e+00,9.876883e-01
1.247470e-02,5.868886e-02,6.111111e-02,1.000000e+00,9.781476e-01
1.247470e-02,5.868886e-02,6.666667e-02,1.000000e+00,9.781476e-01
9.386068e-03,5.926130e-02,7.777778e-02,1.000000e+00,9.876883e-01
9.386068e-03,5.926130e-02,7.222222e-02,1.000000e+00,9.876883e-01
1.247470e-02,5.868886e-02,7.222222e-02,1.000000e+00,9.781476e-01
9.386068e-03,5.926130e-02,8.888889e-02,1.000000e+00,9.876883e-01
1.552914e-02,5.795555e-02,8.888889e-02,1.000000e+00,9.659258e-01
9.386068e-03,5.926130e-02,8.333333e-02,1.000000e+00,9.876883e-01
1.247470e-02,5.868886e-02,8.333333e-02,1.000000e+00,9.781476e-01
1.247470e-02,5.868886e-02,8.888889e-02,1.000000e+00,9.781476e-01
9.386068e-03,5.926130e-02,1.000000e-01,1.000000e+00,9.876883e-01
1.247470e-02,5.868886e-02,9.444444e-02,1.000000e+00,9.781476e-01
9.386068e-03,5.926130e-02,9.444444e-02,1.000000e+00,9.876883e-01
9.386068e-03,5.926130e-02,1.111111e-01,1.000000e+00,9.876883e-01
1.552914e-02,5.795555e-02,1.111111e-01,1.000000e+00,9.659258e-01
9.386068e-03,5.926130e-02,1.055556e-01,1.000000e+00,9.876883e-01
1.247470e-02,5.868886e-02,1.055556e-01,1.000000e+00,9.781476e-01
1.247470e-02,5.868886e-02,1.111111e-01,1.000000e+00,9.781476e-01
9.386068e-03,5.926130e-02,1.222222e-01,1.000000e+00,9.876883e-01
1.247470e-02,5.868886e-02,1.166667e-01,1.000000e+00,9.781476e-01
9.386068e-03,5.926130e-02,1.166667e-01,1.000000e+00,9.876883e-01
1.552914e-02,5.795555e-02,1.333333e-01,1.000000e+00,9.659258e-01
9.386068e-03,5.926130e-02,1.333333e-01,1.000000e+00,9.876883e-01
1.247470e-02,5.868886e-02,1.333333e-01,1.000000e+00,9.781476e-01
9.386068e-03,5.926130e-02,1.277778e-01,1.000000e+00,9.876883e-01
1.247470e-02,5.868886e-02,1.277778e-01,1.000000e+00,9.781476e-01
9.386068e-03,5.926130e-02,1.444444e-01,1.000000e+00,9.876883e-01
1.247470e-02,5.868886e-02,1.388889e-01,1.000000e+00,9.781476e-01
9.386068e-03,5.926130e-02,1.388889e-01,1.000000e+00,9.876883e-01
9.386068e-03,5.926130e-02,1.555556e-01,1.000000e+00,9.876883e-01
1.552914e-02,5.795555e-02,1.555556e-01,1.000000e+00,9.659258e-01
9.386068e-03,5.926130e-02,1.500000e-01,1.000000e+00,9.876883e-01
1.247470e-02,5.868886e-02,1.500000e-01,1.000000e+00,9.781476e-01
1.247470e-02,5.868886e-02,1.555556e-01,1.000000e+00,9.781476e-01
9.386068e-03,5.926130e-02,1.666667e-01,1.000000e+00,9.876883e-01
1.247470e-02,5.868886e-02,1.611111e-01,1.000000e+00,9.781476e-01
9.386068e-03,5.926130e-02,1.611111e-01,1.000000e+00,9.876883e-01
9.386068e-03,5.926130e-02,1.777778e-01,1.000000e+00,9.876883e-01
1.552914e-02,5.795555e-02,1.777778e-01,1.000000e+00,9.659258e-01
9.386068e-03,5.926130e-02,1.722222e-01,1.000000e+00,9.876883e-01
1.247470e-02,5.868886e-02,1.722222e-01,1.000000e+00,9.781476e-01
1.247470e-02,5.868886e-02,1.777778e-01,1.000000e+00,9.781476e-01
1.552914e-02,5.795555e-02,1.888889e-01,1.000000e+00,9.659258e-01
1.552914e-02,5.795555e-02,1.833333e-01,1.000000e+00,9.659258e-01
1.247470e-02,5.868886e-02,1.833333e-01,1.000000e+00,9.781476e-01
9.386068e-03,5.926130e-02,1.888889e-01,1.000000e+00,9.876883e-01
1.247470e-02,5.868886e-02,1.888889e-01,1.000000e+00,9.781476e-01
9.386068e-03,5.926130e-02,1.833333e-01,1.000000e+00,9.876883e-01
1.552914e-02,5.795555e-02,2.000000e-01,1.000000e+00,9.659258e-01
1.552914e-02,5.795555e-02,1.944444e-01,1.000000e+00,9.659258e-01
1.400672e-02,5.834220e-02,2.000000e-01,1.000000e+00,9.723699e-01
1.400672e-02,5.834220e-02,1.972222e-01,1.000000e+00,9.723699e-01
1.552914e-02,5.795555e-02,1.972222e-01,1.000000e+00,9.659258e-01
1.247470e-02,5.868886e-02,1.944444e-01,1.000000e+00,9.781476e-01
1.552914e-02,5.795555e-02,1.111111e-02,1.000000e+00,9.659258e-01
1.247470e-02,5.868886e-02,1.111111e-02,1.000000e+00,9.781476e-01
1.552914e-02,5.795555e-02,1.666667e-02,1.000000e+00,9.659258e-01
1.552914e-02,5.795555e-02,2.777778e-02,1.000000e+00,9.659258e-01
1.552914e-02,5.795555e-02,5.555556e-02,1.000000e+00,9.659258e-01
1.552914e-02,5.795555e-02,5.000000e-02,1.000000e+00,9.659258e-01
1.247470e-02,5.868886e-02,5.555556e-02,1.000000e+00,9.781476e-01
1.552914e-02,5.795555e-02,6.111111e-02,1.000000e+00,9.659258e-01
1.552914e-02,5.795555e-02,7.777778e-02,1.000000e+00,9.659258e-01
1.552914e-02,5.795555e-02,7.222222e-02,1.000000e+00,9.659258e-01
1.247470e-02,5.868886e-02,7.777778e-02,1.000000e+00,9.781476e-01
1.552914e-02,5.795555e-02,8.333333e-02,1.000000e+00,9.659258e-01
1.552914e-02,5.795555e-02,1.000000e-01,1.000000e+00,9.659258e-01
1.552914e-02,5.795555e-02,9.444444e-02,1.000000e+00,9.659258e-01
1.247470e-02,5.868886e-02,1.000000e-01,1.000000e+00,9.781476e-01
1.552914e-02,5.795555e-02,1.055556e-01,1.000000e+00,9.659258e-01
1.552914e-02,5.795555e-02,1.222222e-01,1.000000e+00,9.659258e-01
1.552914e-02,5.795555e-02,1.166667e-01,1.000000e+00,9.659258e-01
1.247470e-02,5.868886e-02,1.222222e-01,1.000000e+00,9.781476e-01
1.552914e-02,5.795555e-02,1.277778e-01,1.000000e+00,9.659258e-01
1.552914e-02,5.795555e-02,1.444444e-01,1.000000e+00,9.659258e-01
1.552914e-02,5.795555e-02,1.388889e-01,1.000000e+00,9.659258e-01
1.247470e-02,5.868886e-02,1.444444e-01,1.000000e+00,9.781476e-01
1.552914e-02,5.795555e-02,1.500000e-01,1.000000e+00,9.659258e-01
1.552914e-02,5.795555e-02,1.666667e-01,1.000000e+00,9.659258e-01
1.552914e-02,5.795555e-02,1.611111e-01,1.000000e+00,9.659258e-01
1.247470e-02,5.868886e-02,1.666667e-01,1.000000e+00,9.781476e-01
1.552914e-02,5.795555e-02,1.722222e-01,1.000000e+00,9.659258e-01
0.000000e+00,6.000000e-02,8.333333e-03,1.000000e+00,1.000000e+00
3.140157e-03,5.991777e-02,8.333333e-03,1.000000e+00,9.986295e-01
-3.140157e-03,5.991777e-02,8.333333e-03,1.000000e+00,9.986295e-01
0.000000e+00,6.000000e-02,1.916667e-01,1.000000e+00,1.000000e+00
3.140157e-03,5.991777e-02,1.916667e-01,1.000000e+00,9.986295e-01
-3.140157e-03,5.991777e-02,1.916667e-01,1.000000e+00,9.986295e-01
-9.386068e-03,5.926130e-02,8.333333e-03,1.000000e+00,9.876883e-01
-1.247470e-02,5.868886e-02,8.333333e-03,1.000000e+00,9.781476e-01
-1.552914e-02,5.795555e-02,8.333333e-03,1.000000e+00,9.659258e-01
-1.247470e-02,5.868886e-02,1.916667e-01,1.000000e+00,9.781476e-01
-9.386068e-03,5.926130e-02,1.916667e-01,1.000000e+00,9.876883e-01
-1.552914e-02,5.795555e-02,1.916667e-01,1.000000e+00,9.659258e-01
-2.150208e-02,5.601483e-02,8.333333e-03,1.000000e+00,9.335804e-01
-2.440420e-02,5.481273e-02,8.333333e-03,1.000000e+00,9.135455e-01
-2.723943e-02,5.346039e-02,8.333333e-03,1.000000e+00,8.910065e-01
-2.150208e-02,5.601483e-02,1.916667e-01,1.000000e+00,9.335804e-01
-2.440420e-02,5.481273e-02,1.916667e-01,1.000000e+00,9.135455e-01
-2.723943e-02,5.346039e-02,1.916667e-01,1.000000e+00,8.910065e-01
-3.526712e-02,4.854102e-02,8.333333e-03,1.000000e+00,8.090170e-01
-3.267834e-02,5.032023e-02,8.333333e-03,1.000000e+00,8.386706e-01
-3.775922e-02,4.662876e-02,8.333333e-03,1.000000e+00,7.771460e-01
-3.526712e-02,4.854102e-02,1.916667e-01,1.000000e+00,8.090170e-01
-3.267834e-02,5.032023e-02,1.916667e-01,1.000000e+00,8.386706e-01
-3.775922e-02,4.662876e-02,1.916667e-01,1.000000e+00,7.771460e-01
-4.458869e-02,4.014784e-02,8.333333e-03,1.000000e+00,6.691306e-01
-4.242641e-02,4.242641e-02,8.333333e-03,1.000000e+00,7.071068e-01
-4.662876e-02,3.775922e-02,8.333333e-03,1.000000e+00,6.293204e-01
-4.242641e-02,4.242641e-02,1.916667e-01,1.000000e+00,7.071068e-01
-4.458869e-02,4.014784e-02,1.916667e-01,1.000000e+00,6.691306e-01
-4.662876e-02,3.775922e-02,1.916667e-01,1.000000e+00,6.293204e-01
-5.032023e-02,3.267834e-02,8.333333e-03,1.000000e+00,5.446390e-01
-5.196152e-02,3.000000e-02,8.333333e-03,1.000000e+00,5.000000e-01
-5.346039e-02,2.723943e-02,8.333333e-03,1.000000e+00,4.539905e-01
-5.196152e-02,3.000000e-02,1.916667e-01,1.000000e+00,5.000000e-01
-5.032023e-02,3.267834e-02,1.916667e-01,1.000000e+00,5.446390e-01
-5.346039e-02,2.723943e-02,1.916667e-01,1.000000e+00,4.539905e-01
-5.706339e-02,1.854102e-02,8.333333e-03,1.000000e+00,3.090170e-01
-5.601483e-02,2.150208e-02,8.333333e-03,1.000000e+00,3.583679e-01
-5.795555e-02,1.552914e-02,8.333333e-03,1.000000e+00,2.588190e-01
-5.601483e-02,2.150208e-02,1.916667e-01,1.000000e+00,3.583679e-01
-5.706339e-02,1.854102e-02,1.916667e-01,1.000000e+00,3.090170e-01
-5.795555e-02,1.552914e-02,1.916667e-01,1.000000e+00,2.588190e-01
-5.926130e-02,9.386068e-03,8.333333e-03,1.000000e+00,1.564345e-01
-5.967131e-02,6.271708e-03,8.333333e-03,1.000000e+00,1.045285e-01
-5.991777e-02,3.140157e-03,8.333333e-03,1.000000e+00,5.233596e-02
-5.926130e-02,9.386068e-03,1.916667e-01,1.000000e+00,1.564345e-01
-5.967131e-02,6.271708e-03,1.916667e-01,1.000000e+00,1.045285e-01
-5.991777e-02,3.140157e-03,1.916667e-01,1.000000e+00,5.233596e-02
-5.991777e-02,-3.140157e-03,8.333333e-03,1.000000e+00,-5.233596e-02
-5.967131e-02,-6.271708e-03,8.333333e-03,1.000000e+00,-1.045285e-01
-5.926130e-02,-9.386068e-03,8.333333e-03,1.000000e+00,-1.564345e-01
-5.991777e-02,-3.140157e-03,1.916667e-01,1.000000e+00,-5.233596e-02
-5.967131e-02,-6.271708e-03,1.916667e-01,1.000000e+00,-1.045285e-01
-5.926130e-02,-9.386068e-03,1.916667e-01,1.000000e+00,-1.564345e-01
-5.706339e-02,-1.854102e-02,8.333333e-03,1.000000e+00,-3.090170e-01
-5.795555e-02,-1.552914e-02,8.333333e-03,1.000000e+00,-2.588190e-01
-5.601483e-02,-2.150208e-02,8.333333e-03,1.000000e+00,-3.583679e-01
-5.706339e-02,-1.854102e-02,1.916667e-01,1.000000e+00,-3.090170e-01
-5.795555e-02,-1.552914e-02,1.916667e-01,1.000000e+00,-2.588190e-01
-5.601483e-02,-2.150208e-02,1.916667e-01,1.000000e+00,-3.583679e-01
-5.196152e-02,-3.000000e-02,8.333333e-03,1.000000e+00,-5.000000e-01
-5.346039e-02,-2.723943e-02,8.333333e-03,1.000000e+00,-4.539905e-01
-5.032023e-02,-3.267834e-02,8.333333e-03,1.000000e+00,-5.446390e-01
-5.346039e-02,-2.723943e-02,1.916667e-01,1.000000e+00,-4.539905e-01
-5.196152e-02,-3.000000e-02,1.916667e-01,1.000000e+00,-5.000000e-01
-5.032023e-02,-3.267834e-02,1.916667e-01,1.000000e+00,-5.446390e-01
-4.458869e-02,-4.014784e-02,8.333333e-03,1.000000e+00,-6.691306e-01
-4.662876e-02,-3.775922e-02,8.333333e-03,1.000000e+00,-6.293204e-01
-4.242641e-02,-4.242641e-02,8.333333e-03,1.000000e+00,-7.071068e-01
-4.458869e-02,-4.014784e-02,1.916667e-01,1.000000e+00,-6.691306e-01
-4.662876e-02,-3.775922e-02,1.916667e-01,1.000000e+00,-6.293204e-01
-4.242641e-02,-4.242641e-02,1.916667e-01,1.000000e+00,-7.071068e-01
-3.526712e-02,-4.854102e-02,8.333333e-03,1.000000e+00,-8.090170e-01
-3.775922e-02,-4.662876e-02,8.333333e-03,1.000000e+00,-7.771460e-01
-3.267834e-02,-5.032023e-02,8.333333e-03,1.000000e+00,-8.386706e-01
-3.775922e-02,-4.662876e-02,1.916667e-01,1.000000e+00,-7.771460e-01
-3.526712e-02,-4.854102e-02,1.916667e-01,1.000000e+00,-8.090170e-01
-3.267834e-02,-5.032023e-02,1.916667e-01,1.000000e+00,-8.386706e-01
-2.723943e-02,-5.346039e-02,8.333333e-03,1.000000e+00,-8.910065e-01
-2.440420e-02,-5.481273e-02,8.333333e-03,1.000000e+00,-9.135455e-01
-2.150208e-02,-5.601483e-02,8.333333e-03,1.000000e+00,-9.335804e-01
-2.723943e-02,-5.346039e-02,1.916667e-01,1.000000e+00,-8.910065e-01
-2.440420e-02,-5.481273e-02,1.916667e-01,1.000000e+00,-9.135455e-01
-2.150208e-02,-5.601483e-02,1.916667e-01,1.000000e+00,-9.335804e-01
-1.247470e-02,-5.868886e-02,8.333333e-03,1.000000e+00,-9.781476e-01
-1.552914e-02,-5.795555e-02,8.333333e-03,1.000000e+00,-9.659258e-01
-9.386068e-03,-5.926130e-02,8.333333e-03,1.000000e+00,-9.876883e-01
-1.552914e-02,-5.795555e-02,1.916667e-01,1.000000e+00,-9.659258e-01
-1.247470e-02,-5.868886e-02,1.916667e-01,1.000000e+00,-9.781476e-01
-9.386068e-03,-5.926130e-02,1.916667e-01,1.000000e+00,-9.876883e-01
-3.140157e-03,-5.991777e-02,8.333333e-03,1.000000e+00,-9.986295e-01
-2.539350e-21,-6.000000e-02,8.333333e-03,1.000000e+00,-1.000000e+00
3.140157e-03,-5.991777e-02,8.333333e-03,1.000000e+00,-9.986295e-01
-3.140157e-03,-5.991777e-02,1.916667e-01,1.000000e+00,-9.986295e-01
-5.840505e-20,-6.000000e-02,1.916667e-01,1.000000e+00,-1.000000e+00
3.140157e-03,-5.991777e-02,1.916667e-01,1.000000e+00,-9.986295e-01
9.386068e-03,-5.926130e-02,8.333333e-03,1.000000e+00,-9.876883e-01
1.247470e-02,-5.868886e-02,8.333333e-03,1.000000e+00,-9.781476e-01
1.552914e-02,-5.795555e-02,8.333333e-03,1.000000e+00,-9.659258e-01
9.386068e-03,-5.926130e-02,1.916667e-01,1.000000e+00,-9.876883e-01
1.247470e-02,-5.868886e-02,1.916667e-01,1.000000e+00,-9.781476e-01
1.552914e-02,-5.795555e-02,1.916667e-01,1.000000e+00,-9.659258e-01
2.150208e-02,-5.601483e-02,8.333333e-03,1.000000e+00,-9.335804e-01
2.440420e-02,-5.481273e-02,8.333333e-03,1.000000e+00,-9.135455e-01
2.723943e-02,-5.346039e-02,8.333333e-03,1.000000e+00,-8.910065e-01
2.440420e-02,-5.481273e-02,1.916667e-01,1.000000e+00,-9.135455e-01
2.150208e-02,-5.601483e-02,1.916667e-01,1.000000e+00,-9.335804e-01
2.723943e-02,-5.346039e-02,1.916667e-01,1.000000e+00,-8.910065e-01
3.526712e-02,-4.854102e-02,8.333333e-03,1.000000e+00,-8.090170e-01
3.267834e-02,-5.032023e-02,8.333333e-03,1.000000e+00,-8.386706e-01
3.775922e-02,-4.662876e-02,8.333333e-03,1.000000e+00,-7.771460e-01
3.526712e-02,-4.854102e-02,1.916667e-01,1.000000e+00,-8.090170e-01
3.267834e-02,-5.032023e-02,1.916667e-01,1.000000e+00,-8.386706e-01
3.775922e-02,-4.662876e-02,1.916667e-01,1.000000e+00,-7.771460e-01
4.242641e-02,-4.242641e-02,8.333333e-03,1.000000e+00,-7.071068e-01
4.458869e-02,-4.014784e-02,8.333333e-03,1.000000e+00,-6.691306e-01
4.662876e-02,-3.775922e-02,8.333333e-03,1.000000e+00,-6.293204e-01
4.458869e-02,-4.014784e-02,1.916667e-01,1.000000e+00,-6.691306e-01
4.242641e-02,-4.242641e-02,1.916667e-01,1.000000e+00,-7.071068e-01
4.662876e-02,-3.775922e-02,1.916667e-01,1.000000e+00,-6.293204e-01
5.196152e-02,-3.000000e-02,8.333333e-03,1.000000e+00,-5.000000e-01
5.032023e-02,-3.267834e-02,8.333333e-03,1.000000e+00,-5.446390e-01
5.346039e-02,-2.723943e-02,8.333333e-03,1.000000e+00,-4.539905e-01
5.196152e-02,-3.000000e-02,1.916667e-01,1.000000e+00,-5.000000e-01
5.032023e-02,-3.267834e-02,1.916667e-01,1.000000e+00,-5.446390e-01
5.346039e-02,-2.723943e-02,1.916667e-01,1.000000e+00,-4.539905e-01
5.601483e-02,-2.150208e-02,8.333333e-03,1.000000e+00,-3.583679e-01
5.706339e-02,-1.854102e-02,8.333333e-03,1.000000e+00,-3.090170e-01
5.795555e-02,-1.552914e-02,8.333333e-03,1.000000e+00,-2.588190e-01
5.601483e-02,-2.150208e-02,1.916667e-01,1.000000e+00,-3.583679e-01
5.706339e-02,-1.854102e-02,1.916667e-01,1.000000e+00,-3.090170e-01
5.795555e-02,-1.552914e-02,1.916667e-01,1.000000e+00,-2.588190e-01
5.967131e-02,-6.271708e-03,8.333333e-03,1.000000e+00,-1.045285e-01
5.926130e-02,-9.386068e-03,8.333333e-03,1.000000e+00,-1.564345e-01
5.991777e-02,-3.140157e-03,8.333333e-03,1.000000e+00,-5.233596e-02
5.967131e-02,-6.271708e-03,1.916667e-01,1.000000e+00,-1.045285e-01
5.926130e-02,-9.386068e-03,1.916667e-01,1.000000e+00,-1.564345e-01
5.991777e-02,-3.140157e-03,1.916667e-01,1.000000e+00,-5.233596e-02
5.967131e-02,6.271708e-03,8.333333e-03,1.000000e+00,1.045285e-01
5.991777e-02,3.140157e-03,8.333333e-03,1.000000e+00,5.233596e-02
5.926130e-02,9.386068e-03,8.333333e-03,1.000000e+00,1.564345e-01
5.991777e-02,3.140157e-03,1.916667e-01,1.000000e+00,5.233596e-02
5.967131e-02,6.271708e-03,1.916667e-01,1.000000e+00,1.045285e-01
5.926130e-02,9.386068e-03,1.916667e-01,1.000000e+00,1.564345e-01
5.795555e-02,1.552914e-02,8.333333e-03,1.000000e+00,2.588190e-01
5.706339e-02,1.854102e-02,8.333333e-03,1.000000e+00,3.090170e-01
5.601483e-02,2.150208e-02,8.333333e-03,1.000000e+00,3.583679e-01
5.795555e-02,1.552914e-02,1.916667e-01,1.000000e+00,2.588190e-01
5.706339e-02,1.854102e-02,1.916667e-01,1.000000e+00,3.090170e-01
5.601483e-02,2.150208e-02,1.916667e-01,1.000000e+00,3.583679e-01
5.196152e-02,3.000000e-02,8.333333e-03,1.000000e+00,5.000000e-01
5.346039e-02,2.723943e-02,8.333333e-03,1.000000e+00,4.539905e-01
5.032023e-02,3.267834e-02,8.333333e-03,1.000000e+00,5.446390e-01
5.196152e-02,3.000000e-02,1.916667e-01,1.000000e+00,5.000000e-01
5.346039e-02,2.723943e-02,1.916667e-01,1.000000e+00,4.539905e-01
5.032023e-02,3.267834e-02,1.916667e-01,1.000000e+00,5.446390e-01
4.458869e-02,4.014784e-02,8.333333e-03,1.000000e+00,6.691306e-01
4.662876e-02,3.775922e-02,8.333333e-03,1.000000e+00,6.293204e-01
4.242641e-02,4.242641e-02,8.333333e-03,1.000000e+00,7.071068e-01
4.662876e-02,3.775922e-02,1.916667e-01,1.000000e+00,6.293204e-01
4.458869e-02,4.014784e-02,1.916667e-01,1.000000e+00,6.691306e-01
4.242641e-02,4.242641e-02,1.916667e-01,1.000000e+00,7.071068e-01
3.775922e-02,4.662876e-02,8.333333e-03,1.000000e+00,7.771460e-01
3.526712e-02,4.854102e-02,8.333333e-03,1.000000e+00,8.090170e-01
3.267834e-02,5.032023e-02,8.333333e-03,1.000000e+00,8.386706e-01
3.526712e-02,4.854102e-02,1.916667e-01,1.000000e+00,8.090170e-01
3.775922e-02,4.662876e-02,1.916667e-01,1.000000e+00,7.771460e-01
3.267834e-02,5.032023e-02,1.916667e-01,1.000000e+00,8.386706e-01
2.440420e-02,5.481273e-02,8.333333e-03,1.000000e+00,9.135455e-01
2.723943e-02,5.346039e-02,8.333333e-03,1.000000e+00,8.910065e-01
2.150208e-02,5.601483e-02,8.333333e-03,1.000000e+00,9.335804e-01
2.723943e-02,5.346039e-02,1.916667e-01,1.000000e+00,8.910065e-01
2.440420e-02,5.481273e-02,1.916667e-01,1.000000e+00,9.135455e-01
2.150208e-02,5.601483e-02,1.916667e-01,1.000000e+00,9.335804e-01
1.247470e-02,5.868886e-02,8.333333e-03,1.000000e+00,9.781476e-01
9.386068e-03,5.926130e-02,8.333333e-03,1.000000e+00,9.876883e-01
1.552914e-02,5.795555e-02,8.333333e-03,1.000000e+00,9.659258e-01
9.386068e-03,5.926130e-02,1.916667e-01,1.000000e+00,9.876883e-01
1.247470e-02,5.868886e-02,1.916667e-01,1.000000e+00,9.781476e-01
1.552914e-02,5.795555e-02,1.916667e-01,1.000000e+00,9.659258e-01
